,coin,price,24h_volume,mkt_cap,circulating_supply,mkt_cap_ratio,volatility_score
0,67,17.790167875,97440846.0,1313442555.625,73829688.67150164,0.07418736783173048,0.01721433511156714
1,148,17.790167875,97440846.0,1313442555.625,73829688.67150164,0.07418736783173048,0.021377558326431952
2,417,1.0,97440846.0,1313442555.625,1313442555.625,0.07418736783173048,0.0005773502691896258
3,45,17.790167875,97440846.0,1313442555.625,73829688.67150164,0.07418736783173048,0.012055427546683367
4,439,0.999874,97440846.0,1313442555.625,1313608070.2418504,0.07418736783173048,0.0005773502691896258
5,470,0.785018,97440846.0,1313442555.625,1673136865.1737921,0.07418736783173048,0.0404145188432738
6,415,17.790167875,97440846.0,1313442555.625,73829688.67150164,0.07418736783173048,0.02557994005726623
7,382,17.790167875,97440846.0,1313442555.625,73829688.67150164,0.07418736783173048,0.013650396819628836
8,79,0.824161,97440846.0,1313442555.625,1593672299.0107515,0.07418736783173048,0.0069282032302754515
9,322,17.790167875,97440846.0,1313442555.625,73829688.67150164,0.07418736783173048,0.03585154575933001
10,40,17.790167875,97440846.0,1313442555.625,73829688.67150164,0.07418736783173048,0.01274100990241093
11,63,1.0,97440846.0,1313442555.625,1313442555.625,0.07418736783173048,0.002309401076758503
12,133,0.11566,97440846.0,1313442555.625,11356065672.012796,0.07418736783173048,0.017776388834631177
13,416,1.0,97440846.0,1313442555.625,1313442555.625,0.07418736783173048,0.002
14,377,2.241815e-05,97440846.0,1313442555.625,58588356114353.766,0.07418736783173048,0.027209067116189995
15,466,17.790167875,97440846.0,1313442555.625,73829688.67150164,0.07418736783173048,0.018027756377319945
16,110,0.401575,97440846.0,1313442555.625,3270727897.9642653,0.07418736783173048,0.013228756555322952
17,324,1.44,97440846.0,1313442555.625,912112885.8506945,0.07418736783173048,0.018357559750685797
18,117,0.999429,97440846.0,1313442555.625,1314192959.8050487,0.07418736783173048,0.0005773502691896258
19,105,17.790167875,97440846.0,1313442555.625,73829688.67150164,0.07418736783173048,0.017009801096230764
20,243,17.790167875,97440846.0,1313442555.625,73829688.67150164,0.07418736783173048,0.043038742236888534
21,239,17.790167875,20327033.0,1313442555.625,73829688.67150164,0.015476149233132931,0.02154839514519198
22,283,10.61,97440846.0,1313442555.625,123792889.31432611,0.07418736783173048,0.03178574103797699
23,89,14.41,97440846.0,1313442555.625,91147991.36884108,0.07418736783173048,0.039509492530276816
24,410,0.060751875857,97440846.0,1313442555.625,21619786008.198814,0.07418736783173048,0.004163331998932265
25,159,17.790167875,91093038.0,1313442555.625,73829688.67150164,0.06935441341525096,0.013428824718989122
26,68,17.790167875,97440846.0,1313442555.625,73829688.67150164,0.07418736783173048,0.013076696830622021
27,235,5.97,831673.0,1313442555.625,220007128.24539363,0.0006332008936654633,0.026888659319497535
28,293,17.790167875,97440846.0,1313442555.625,73829688.67150164,0.07418736783173048,0.02956912804486012
29,17,0.731009,97440846.0,1313442555.625,1796752920.4496799,0.07418736783173048,0.01789785834487839
30,394,0.186969,97440846.0,1313442555.625,7024921541.1378355,0.07418736783173048,0.03350124375800596
31,443,9.05,97440846.0,1313442555.625,145131774.10220993,0.07418736783173048,0.007505553499465135
32,187,0.200008,65559083.0,1313442555.625,6566950100.1209955,0.049913932451201716,0.018009256878986798
33,42,17.790167875,97440846.0,1313442555.625,73829688.67150164,0.07418736783173048,0.026501572280401276
34,124,2.43,97440846.0,1313442555.625,540511339.7633744,0.07418736783173048,0.027646579052991987
35,149,17.790167875,97440846.0,1313442555.625,73829688.67150164,0.07418736783173048,0.011357816691600525
36,142,17.790167875,97440846.0,1313442555.625,73829688.67150164,0.07418736783173048,0.06860757975617555
37,421,3.08,97440846.0,1313442555.625,426442388.189935,0.07418736783173048,0.046285346853332895
38,211,16.26,97440846.0,1313442555.625,80777524.94618696,0.07418736783173048,0.03146956201368766
39,273,17.790167875,97440846.0,1313442555.625,73829688.67150164,0.07418736783173048,0.04636090306856989
40,486,17.790167875,1088.54,1313442555.625,73829688.67150164,8.287686395862357e-07,0.021377558326431952
41,447,0.047848054559,97440846.0,1313442555.625,27450281264.945335,0.07418736783173048,0.0028867513459481875
42,161,1.22,97440846.0,1313442555.625,1076592258.7090163,0.07418736783173048,0.06522525073415458
43,164,17.27,97440846.0,1313442555.625,76053419.54979734,0.07418736783173048,0.03132091952673159
44,306,9.39,94042665.0,1313442555.625,139876736.4882854,0.07160013553485779,0.010016652800877794
45,229,1.1,57133059.0,1313442555.625,1194038686.931818,0.04349871165306754,0.018520259177452134
46,168,0.998392,18194194.0,1313442555.625,1315557972.8453355,0.013852295193330564,0.0015275252316519468
47,461,17.790167875,97440846.0,1313442555.625,73829688.67150164,0.07418736783173048,0.07002142529254883
48,423,2.82,97440846.0,1313442555.625,465759771.498227,0.07418736783173048,0.02107921567168317
49,254,0.997676,44641451.0,1313442555.625,1316502106.5205538,0.033988125943397215,0.002
50,420,0.440816,97440846.0,1313442555.625,2979570967.5352077,0.07418736783173048,0.07854298186343571
51,419,3.05,97440846.0,1313442555.625,430636903.4836066,0.07418736783173048,0.006110100926607788
52,488,0.022533007284,41.83,1313442555.625,58289714243.23088,3.1847605227086044e-08,0.0011547005383792516
53,188,17.790167875,22415718.0,1313442555.625,73829688.67150164,0.01706638627171137,0.025059928172283336
54,408,7.23,97440846.0,1313442555.625,181665637.01590595,0.07418736783173048,0.10223502335305638
55,139,2.06,97440846.0,1313442555.625,637593473.6043689,0.07418736783173048,0.014525839046333951
56,138,0.003406821495,3444049.0,1313442555.625,385533130383.4573,0.002622154265712179,0.10457692543450159
57,204,0.712336,26950213.0,1313442555.625,1843852557.8168168,0.020518760325361755,0.003785938897200182
58,485,0.021895790224,93.89,1313442555.625,59986076875.42303,7.148390281546997e-08,0.0005773502691896258
59,166,5.43,57457444.0,1313442555.625,241886290.17034993,0.04374568476857288,0.042253205006642196
60,422,0.162482,16105407.0,1313442555.625,8083618835.471006,0.01226198049623591,0.029263173671584833
61,6,17.790167875,97440846.0,1313442555.625,73829688.67150164,0.07418736783173048,0.04603259714593562
62,476,17.790167875,97440846.0,1313442555.625,73829688.67150164,0.07418736783173048,0.02929732638541158
63,256,17.790167875,92847731.0,1313442555.625,73829688.67150164,0.07069036297199806,0.05021288015373484
64,216,17.790167875,11491328.0,1313442555.625,73829688.67150164,0.008749014527347842,0.05828664798505172
65,175,0.227781,97440846.0,1313442555.625,5766251599.672492,0.07418736783173048,0.010503967504392487
66,66,1.812224e-06,87836205.0,1313442555.625,724768326445847.8,0.06687479754925654,0.01001665280087783
67,31,17.790167875,50636342.0,1313442555.625,73829688.67150164,0.038552384177856,0.043085186936270024
68,196,17.790167875,190002.0,1313442555.625,73829688.67150164,0.00014465954311156592,0.02150193789716019
69,311,5.57,97440846.0,1313442555.625,235806562.94883302,0.07418736783173048,0.05029247790011279
70,338,17.790167875,23727064.0,1313442555.625,73829688.67150164,0.01806479004230947,0.007637626158259732
71,185,0.127445,75144435.0,1313442555.625,10305955946.682882,0.0572118168991735,0.019467922333931784
72,494,7.9294818e-05,37446216.0,1313442555.625,16564040233057.852,0.028509976199287426,0.0800020833062073
73,71,17.790167875,97440846.0,1313442555.625,73829688.67150164,0.07418736783173048,0.019078784028338912
74,279,17.790167875,97440846.0,1313442555.625,73829688.67150164,0.07418736783173048,0.02490649179096349
75,435,1.0,97440846.0,1313442555.625,1313442555.625,0.07418736783173048,0.0005773502691896258
76,197,8.98,32112940.0,1313442555.625,146263090.82683742,0.024449443839376056,0.019924858845171277
77,231,17.790167875,8578734.0,1313442555.625,73829688.67150164,0.0065314877786321005,0.005507570547286105
78,86,3.18,3927635.0,1313442555.625,413032250.19654083,0.0029903363365069587,0.04619884558442271
79,389,1.26,44370134.0,1313442555.625,1042414726.6865079,0.03378155657434636,0.07631513611335557
80,195,0.044270474958,1852838.0,1309127902.0,29571128460.717606,0.0014153223662633386,0.12698162596743395
81,144,1.4,97440846.0,1300650179.0,929035842.1428572,0.07491702809353168,0.017435595774162697
82,56,0.822605,97440846.0,1223583998.0,1487450231.885291,0.07963560013801357,0.06909655080634143
83,280,2.19,4583402.0,1222563065.0,558247974.8858447,0.003749010690094748,0.044034077712608
84,22,0.025036137658,8084731.0,1198878147.0,47885906499.516014,0.006743580254782974,0.0077674534651540434
85,346,0.121859,215995.0,1198319388.0,9833655191.655931,0.0001802482728419312,0.0338673884437522
86,232,17.790167875,65896976.0,1132594631.0,63664077.762391545,0.058182313597776536,0.008144527815247077
87,84,2.52,46620149.0,1074226736.0,426280450.7936508,0.043398797886557164,0.061370459777757354
88,219,6.23,58659719.0,1061714057.0,170419591.81380415,0.05525001634220616,0.011239810200058244
89,91,0.198241,97440846.0,1049331415.0,5293210864.55375,0.09285993405620092,0.0030550504633038928
90,118,17.790167875,97440846.0,1035525179.0,58207723.85488239,0.09409799778514126,0.012529964086141666
91,169,17.790167875,4834916.0,1031430071.0,57977534.458763495,0.004687584874573625,0.009814954576223637
92,312,0.999025,57639449.0,994783973.0,995754833.963114,0.05794167433777102,0.0015275252316519466
93,65,1.12,54570658.0,993438990.0,886999098.2142856,0.05493106124212016,0.008621678104251707
94,176,6.52,7695401.0,979761512.0,150270170.55214724,0.0078543613989197,0.0180092568789868
95,104,17.790167875,45253981.0,979304335.0,55047503.872978486,0.046210334604512904,0.05885858759206963
96,406,4.24,63349615.0,903998693.0,213207238.91509432,0.07007710906059905,0.02064784088793144
97,473,17.790167875,1464061.0,893636559.0,50232047.5713892,0.0016383181565874142,0.11115904521600262
98,247,0.710702,97440846.0,881663508.0,1240553013.7807407,0.11051931390586714,0.03789898855290644
99,278,0.098240605826,20866042.0,879585159.0,8953376779.433624,0.023722594437271538,0.011372481406154652
100,24,3.1,97440846.0,807556039.0,260501948.06451613,0.12066140465082945,0.13086379687802618
101,295,0.227889,65843862.0,794382929.0,3485832703.6408076,0.08288680382757822,0.022678918257565406
102,111,2.02,97440846.0,791197822.0,391682090.0990099,0.1231561100025374,0.017435595774162694
103,126,17.790167875,25032753.0,787162797.0,44247069.64717161,0.031801239966375086,0.03869539162915053
104,489,0.021768404499,8111.5,775425368.0,35621598635.56475,1.0460710127296221e-05,0.0
105,372,4.61,19871872.0,763750478.0,165672554.88069412,0.02601880139183363,0.009504384952922168
106,236,17.790167875,1207902.0,759436472.0,42688550.065185934,0.0015905240853378451,0.00916515138991168
107,270,1.81,70360743.0,756143474.0,417758825.41436464,0.09305210640487523,0.04743767841424508
108,192,0.00414796568,63199499.0,734353201.0,177039362823.27197,0.08606144688133524,0.0005773502691895682
109,99,17.790167875,40756551.0,726097698.0,40814550.09878595,0.05613094644462018,0.01345362404707371
110,212,0.076638517501,91722669.0,717099434.0,9356906388.365917,0.12790788090344526,0.056199051000291204
111,72,7.89,2193655.0,698922310.0,88583309.25221801,0.0031386249496027675,0.0208806130178211
112,288,1.0,15319422.0,687954763.0,687954763.0,0.02226806590188547,0.003999999999999951
113,505,17.790167875,81875140.0,678377900.0,38132180.91962496,0.12069252256006571,0.017897858344878344
114,289,17.790167875,1909.73,633750394.0,35623632.02264048,3.0133787972051343e-06,0.02042057785666214
115,469,0.050635431946,9930593.0,616292915.0,12171179178.588694,0.016113430413198893,0.06372074492136234
116,1,1.5,97440846.0,616145134.0,410763422.6666667,0.15814593124742587,0.06650563885867115
117,457,0.274089,26837225.0,615219740.0,2244598433.3555884,0.043622177987981986,0.011846237095944574
118,381,0.016547553043,97440846.0,614525601.0,37136947040.03132,0.15856271218227083,0.05456189146281496
119,337,5.95,79032386.0,612948390.0,103016536.13445377,0.12893807584680989,0.006506407098647713
120,308,17.790167875,30748651.0,611668819.0,34382408.49090357,0.05027009722396852,0.03638681079732047
121,402,3.12,97440846.0,603245561.0,193347936.2179487,0.16152766352473832,0.023713568549109845
122,499,17.790167875,14829115.0,602582895.0,33871681.21368837,0.024609253138524616,0.016041612554021287
123,244,17.790167875,11291907.0,589774119.0,33151689.356950488,0.019146155513141465,0.0037859388972001817
124,25,0.072181812557,40789205.0,587511707.0,8139331587.663556,0.06942705058301077,0.04833563212924119
125,54,2.29,26117403.0,583581643.0,254839145.41484717,0.04475364040880223,0.02281081614790083
126,321,0.699085,974551.0,580439408.0,830284454.6800461,0.0016789883432587335,0.038
127,259,17.790167875,18662090.0,578275391.0,32505336.378114417,0.032271976795913836,0.014640127503998544
128,294,4.11,97440846.0,574825195.0,139860144.76885644,0.1695138745614656,0.03669241520169166
129,478,0.041008132304,37965285.0,571307984.0,13931577760.352516,0.06645327225113662,0.008386497083606082
130,367,0.001028389235,406894.0,566255393.0,550623609940.8412,0.000718569756738723,0.06321392251711644
131,356,2.43,23720000.0,560228533.0,230546721.39917693,0.0423398641853895,0.0353600527903075
132,162,1.0,10254055.0,557210659.0,557210659.0,0.018402474601621,0.0015275252316519468
133,179,17.790167875,2883611.0,553256284.0,31098991.75136367,0.005212070939622622,0.015143755588800732
134,201,0.753601,45059623.0,549632622.0,729341683.4637959,0.08198134753362583,0.08736322643614601
135,351,0.051804162049,19390191.0,538520749.0,10395318208.035667,0.03600639536360743,0.018083141320025125
136,203,0.022568760363,35343794.0,517770891.0,22941928695.77593,0.06826145427321831,0.007211102550927979
137,70,17.790167875,9146317.0,517358240.0,29081133.10875657,0.017678885330984582,0.007211102550927966
138,221,3.16,22753924.0,504959645.0,159797356.0126582,0.045060876102287345,0.0066583281184793945
139,438,7.74,46067620.0,503487995.0,65050128.55297157,0.09149695813501968,0.019629909152447274
140,292,17.790167875,5163788.0,488521386.0,27460189.776314855,0.010570239395824526,0.045785732857881976
141,384,0.062799688152,2629530.0,486741272.0,7750695685.333568,0.005402315668024962,0.08754617829085015
142,493,0.122181,2588295.0,484119330.0,3962312716.3797975,0.005346398789736407,0.03023794525647094
143,449,0.213154,4105033.0,483094532.0,2266410820.3458533,0.008497370034401465,0.02260530911091463
144,360,17.790167875,578038.0,480593962.0,27014582.739006333,0.0012027575161254315,0.06836909633257804
145,418,17.790167875,3689853.0,480346972.0,27000699.22752204,0.007681641011780959,0.02581343319539912
146,274,2.38,37324761.0,476681084.0,200286169.74789917,0.07830132609163908,0.039119475115769804
147,371,0.564647,432768.0,470978131.0,834110747.0685225,0.0009188706895607432,0.0097125348562223
148,194,17.790167875,29127070.0,469969529.0,26417374.602767766,0.06197650741735641,0.024020824298928628
149,459,0.492556,60339780.0,467152311.0,948424769.9753937,0.12916511077690035,0.05316327052894069
150,241,1.0,3222808.0,464727068.0,464727068.0,0.006934840300716032,0.004618802153517006
151,180,0.465346,15905189.0,464458665.0,998093171.5325801,0.03424457373402647,0.06011932578907829
152,349,0.180078,3356848.0,464413872.0,2578959517.5423985,0.007228138956193798,0.04313158162336884
153,49,2.864e-09,10651029.0,452640717.0,1.580449430865922e+17,0.02353086808140594,0.036170890690351176
154,35,0.735289,7909768.0,447883958.0,609126422.3999,0.017660306556458536,0.0037859388972001817
155,378,0.008880296534,12295120.0,446937901.0,50329164041.85473,0.02750968305102413,0.013999999999999999
156,268,17.790167875,38905039.0,436965500.0,24562190.928735122,0.08903457824473557,0.038196858509568554
157,298,0.499727,30824913.0,433758425.0,867990772.9620373,0.07106470150983235,0.021166010488516684
158,0,0.509791,29309302.0,427933388.0,839429075.8369607,0.06849033709891317,0.005131601439446898
159,3,1.523622e-06,69002807.0,421365369.0,276555056962947.5,0.16376003363484767,0.029737742572921257
160,362,0.12635,11283316.0,407687711.0,3226653826.671943,0.02767637016167014,0.05076416058598817
161,404,0.428284,1063375.0,403883855.0,943028119.191938,0.0026328732551094422,0.04507771067833858
162,492,4.64,95015055.0,396760804.0,85508793.96551725,0.2394769191968872,0.03842308333974944
163,134,7.24104e-07,10950097.0,394017729.0,544145218090219.1,0.027790873846694344,0.022368132093076865
164,297,17.790167875,3529301.0,390854092.0,21970230.6772077,0.009029714853285967,0.05095422782589615
165,101,0.152116,1019712.0,382521151.0,2514667431.4339056,0.0026657663173245026,0.08985729426893133
166,405,2.17,9229483.0,380868743.0,175515549.76958525,0.024232713158086592,0.03288363321370274
167,207,1.57,87629552.0,365315958.0,232685323.56687897,0.2398733208364251,0.019857828011475308
168,103,1.95,96902.91,364340007.0,186841029.23076925,0.0002659683486255189,0.01552417469626007
169,153,0.042328407322,44769576.0,363656510.0,8591310966.028036,0.12310951342518246,0.07830708780180758
170,177,1.0,3181078.0,355825684.0,355825684.0,0.008939989840643432,0.0011547005383792516
171,217,0.048936163597,74944693.0,355779812.0,7270284097.664959,0.21064908820627518,0.014422205101855958
172,125,17.790167875,768392.0,354095011.0,19903972.435111154,0.0021700164535783306,0.07459445913292302
173,325,0.384838,12205658.0,344258737.0,894554947.7962155,0.03545489682081765,0.029771350881902078
174,290,0.419373,4321357.0,342894249.0,817635491.5552503,0.012602593985179378,0.060695963621974075
175,340,0.338855,41048178.0,337192089.0,995092558.7640731,0.12173529373638418,0.02203028218914441
176,223,0.609779,2299639.0,333366751.0,546700937.5527855,0.006898225432205745,0.047184036848634876
177,206,17.790167875,11072513.0,332435430.0,18686469.533947553,0.033307259096901916,0.007637626158259733
178,167,1.43,15489371.0,330216558.0,230920669.93006995,0.04690670599261712,0.0393742724800514
179,150,14.05,39284120.0,326307175.0,23224709.96441281,0.12038999755368542,0.01479864858694874
180,191,0.869127,12455971.0,322775766.0,371379287.49193156,0.038590167887635037,0.016289055630494095
181,238,2.98,4675420.0,321983024.0,108047994.63087249,0.01452070342689868,0.05695904961753953
182,364,0.534126,97440846.0,318571623.0,596435341.0992912,0.3058679397819435,0.05460158727851531
183,386,0.003547901833,27285439.0,317144040.0,89389181247.95816,0.08603484713129088,0.04110150037812894
184,285,0.010554840501,6162463.0,316458006.0,29982263206.15814,0.019473240945593266,0.018717193521821923
185,233,3.06,40287449.0,313785580.0,102544307.18954249,0.1283916520319385,0.011930353445448854
186,158,3.97,97440846.0,311600507.0,78488792.69521411,0.3127108069820952,0.004
187,183,0.999103,43235094.0,310668205.0,310947124.57074,0.13916806838987594,0.0005773502691896258
188,441,1.15,8976424.0,308351253.0,268131524.3478261,0.029111034616097375,0.03195309061734091
189,102,0.060612313279,97440846.0,307184638.0,5068023663.542116,0.31720611627720785,0.020663978319771827
190,245,1.29,48697099.0,306843547.0,237863214.72868216,0.1587033505384423,0.05460158727851531
191,120,4.16,11440253.0,302825745.0,72794650.24038461,0.03777833684517147,0.06009991680526688
192,411,0.004899527146,2843059.0,301743735.0,61586297209.587906,0.009422097860623353,0.019
193,428,1.18,14140774.0,300452818.0,254621032.20338985,0.04706487392639466,0.0442756516985728
194,391,0.401895,1726553.0,300351592.0,747338464.0266737,0.005748439648690126,0.07536798613027501
195,129,0.019668130187,15693285.0,297257419.0,15113659314.52282,0.05279358561610871,0.02107921567168317
196,130,0.389141,3821494.0,296998483.0,763215603.084743,0.0128670488865763,0.06551590137770619
197,407,0.468329,12673226.0,296323527.0,632725129.1293087,0.04276820719672387,0.04860384072615386
198,242,2.03,7600165.0,293297599.0,144481575.86206898,0.025912810148848168,0.006658328118479393
199,427,17.790167875,6123881.0,292863833.0,16462117.449243013,0.020910335486867715,0.04014971979976946
200,282,2.2,97440846.0,292516870.0,132962213.63636363,0.33311188513674445,0.08029943959953886
201,414,3.3,3059468.0,289328276.0,87675235.15151516,0.010574382989099898,0.07595612768785229
202,320,0.797778,17641285.0,288940736.0,362181880.1721782,0.06105502894545129,0.0268514431641951
203,368,5.06313e-07,3503.42,277800683.0,548673810469018.2,1.2611272089637015e-05,0.011532562594670797
204,361,1.86,2243276.0,276423433.0,148614748.92473117,0.008115361189367763,0.017578395831246908
205,314,3.3,2580206.0,273550379.0,82894054.24242425,0.00943228815632531,0.017387735140993302
206,345,0.001341144021,15540182.0,273386276.0,203845576402.8642,0.056843314256199165,0.03780211634287166
207,316,1.44,1431339.0,269625697.0,187240067.3611111,0.005308614927752973,0.0742316194982524
208,248,0.99909,11703582.0,269555684.0,269801203.09481627,0.04341804938529881,0.002309401076758503
209,82,0.063408018304,11186869.0,262580070.0,4141117748.5645456,0.04260364847949046,0.037581023580170535
210,155,0.191627,6416.99,261949792.0,1366977471.8593936,2.4497022696624243e-05,0.006429100507328636
211,366,1.34,71885529.0,258788391.0,193125664.92537314,0.27777725547202,0.018556220879622373
212,165,2.8340322e-05,6481180.0,257703958.0,9093190895996.172,0.025149710739017832,0.045044422518220835
213,477,5.35,42667.91,257245207.0,48083216.26168225,0.00016586474242841773,0.022479620400116487
214,209,5.33,16026155.0,256116913.0,48051953.65853658,0.06257359114741477,0.002999999999999999
215,252,0.104299,21346445.0,255853059.0,2453072982.4830537,0.08343244002409993,0.08145141701243337
216,458,0.00026633365,97440846.0,255157055.0,958035362786.4897,0.3818857605171842,0.014843629385474878
217,462,0.558123,7071983.0,254216018.0,455483859.2926648,0.02781879385743506,0.045574115460423364
218,313,3.85,8343005.0,251018197.0,65199531.68831169,0.033236654153802246,0.014571661996262928
219,272,2.04,38070293.0,250469440.0,122779137.25490196,0.15199576044087454,0.042253205006642196
220,34,2.02,5991169.0,249658255.0,123593195.54455446,0.02399748007531335,0.08129165598838124
221,436,0.721272,45061838.0,248213542.0,344133062.1457647,0.18154463949432703,0.058483615939281086
222,374,1.87,40405418.0,247791442.0,132508792.51336898,0.1630622013168639,0.007023769168568493
223,96,1.34,52212880.0,247303702.0,184555001.4925373,0.21112858229675835,0.02177919496522618
224,271,1.71,97440846.0,247146075.0,144529868.42105263,0.39426418566428784,0.0892711226171898
225,479,2.79,14206660.0,246790193.0,88455266.30824372,0.057565739656437645,0.0045825756949558405
226,433,0.543192,8017450.0,246535822.0,453864972.2381773,0.03252042617968921,0.01069267662156357
227,445,2.2321211e-05,3849460.0,235411080.0,10546519183031.781,0.016352076546269616,0.06180884510596629
228,266,0.045156504195,8366250.0,233755062.0,5176553547.869251,0.035790668781324614,0.07784814277382174
229,109,1.14,3179625.0,233390471.0,204728483.33333334,0.01362362819003009,0.004618802153517006
230,240,17.790167875,4624558.0,233265607.0,13112052.04127395,0.019825288689043645,0.013576941236277534
231,4,4.7,29731985.0,230984150.0,49145563.82978723,0.12871872377390398,0.06656575696257037
232,147,3.37,685965.0,228752259.0,67879008.60534124,0.0029987244847273836,0.016522711641858305
233,170,0.488809,2065790.0,228173732.0,466795275.8643969,0.009053583784131645,0.012055427546683416
234,352,2.51,33025947.0,227133027.0,90491245.81673308,0.14540354362467947,0.021501937897160133
235,97,0.061152343679,862651.0,226665111.0,3706564578.9441404,0.0038058393556651073,0.033560889936551645
236,151,1.1,25282592.0,226370344.0,205791221.8181818,0.11168685594257877,0.004
237,163,0.327851,21546674.0,224454559.0,684623682.7095236,0.09599570664100433,0.009291573243177626
238,127,0.002351313514,18982568.0,223840664.0,95198136134.21864,0.08480392999549001,0.007549834435270749
239,90,17.790167875,10252044.0,221396095.0,12444856.988174992,0.046306345195474205,0.048774993593028795
240,392,0.056745127667,7688360.0,219753630.0,3872643150.7845073,0.03498627076148867,0.0252388589282479
241,328,0.503878,32211271.0,216689443.0,430043468.85555625,0.14865177811177446,0.0177857620959388
242,262,0.040119247871,7724520.0,215001420.0,5359059090.322895,0.03592776270966024,0.008082903768654762
243,504,3.8,107293.0,213613208.0,56214002.10526316,0.0005022769940330656,0.026627053911388695
244,92,0.37938,58407751.0,213564555.0,562930452.3169382,0.2734899103458437,0.00871779788708138
245,474,2.43,17537941.0,212099797.0,87283867.0781893,0.08268721256720486,0.04422668877499197
246,412,0.819159,4398496.0,212084558.0,258905240.61873215,0.020739350575443592,0.07787168933572713
247,77,0.201515,15582614.0,210898806.0,1046566290.3505943,0.07388668667948742,0.02098412098071619
248,15,0.997171,3032734.0,208898318.0,209490967.9483258,0.01451775212474425,0.0005773502691896258
249,83,0.037068909834,35862409.0,208463091.0,5623663925.740687,0.17203241508109463,0.018193405398660194
250,300,0.072194784903,28204447.0,208178410.0,2883565762.8138356,0.13548209442083836,0.009073771725877467
251,456,8.73,38526780.0,207895650.0,23813934.70790378,0.18531787461642416,0.04485903847981288
252,143,4.91,2224285.0,205388247.0,41830600.20366599,0.010829660569623539,0.02551470164434615
253,33,0.10323,7991761.0,205235595.0,1988139058.4132519,0.038939449075585546,0.013892443989449837
254,303,0.434115,97440846.0,205164994.0,472605171.4407473,0.4749389459685311,0.10525682875709294
255,108,0.002952176693,13535131.0,203670465.0,68989930542.75156,0.06645603229707361,0.06334298172120834
256,296,0.469383,22022827.0,202627972.0,431690052.6861859,0.10868601596624576,0.023000000000000048
257,472,0.016347118202,4569339.0,202482367.0,12386425821.232952,0.022566602058736306,0.02173323108360405
258,135,17.790167875,4629323.0,200498616.0,11270192.468602547,0.02308905214587616,0.015373136743466943
259,310,0.815228,15377424.0,198958494.0,244052576.7024685,0.0772896079520988,0.018083141320025076
260,237,13.05,1147300.0,198688328.0,15225159.233716475,0.005774370399855597,0.009539392014169456
261,112,2.19,3559341.0,196210425.0,89593801.36986302,0.018140427553734722,0.02715388247255507
262,74,1.21,4382013.0,192933914.0,159449515.70247933,0.022712507662079565,0.06478425734698212
263,261,0.223833,7274677.0,192821569.0,861452819.7361425,0.03772750651147331,0.016802777548171423
264,437,7.530048e-06,5098371.0,191533622.0,25435909837493.73,0.026618673769976533,0.023430749027719962
265,29,0.192938,6272018.0,191059042.0,990261337.8390986,0.03282764288119899,0.016441816606851345
266,333,0.740085,4296268.0,190637766.0,257589014.77532986,0.022536290107386173,0.014422205101855943
267,260,4.05,46857218.0,189430950.0,46773074.074074075,0.24735777337335846,0.02494660965609021
268,234,3.07,97440846.0,189342359.0,61675035.504885994,0.5146278229268285,0.013228756555322954
269,210,17.790167875,3253.9,187618251.0,10546176.53516662,1.7343195465562677e-05,0.018009256878986798
270,98,0.609647,54700.31,184318822.0,302336962.20927846,0.00029677007158823964,0.027682726262659416
271,251,1.86,380193.0,184031159.0,98941483.33333333,0.0020659164571147433,0.007234178138070178
272,358,0.013806375745,58160962.0,182389151.0,13210501754.311049,0.3188838901936662,0.05940538696111659
273,344,4.43,5082786.0,182383890.0,41170178.329571106,0.027868612737671074,0.002516611478423584
274,100,0.116231,4957635.0,180397101.0,1552056688.8351645,0.02748178863472978,0.04978955713801838
275,464,17.790167875,1483133.0,179963381.0,10115889.9828538,0.008241304379583755,0.05723635208501674
276,471,0.73676,4120965.0,179572544.0,243732754.22118467,0.022948747666012907,0.0011547005383792516
277,269,0.81278,6771412.0,179537968.0,220893683.40756416,0.03771576606013498,0.009539392014169399
278,94,0.268256,15009057.0,179389403.0,668724662.2629131,0.08366746724721527,0.016653327995729005
279,442,1.18,2875621.0,177414204.0,150351020.33898306,0.016208516202006012,0.0660101002372616
280,28,4.62,31404911.0,176410722.0,38184138.96103896,0.1780215547216002,0.013576941236277534
281,475,1.34,3113291.0,173731724.0,129650540.29850745,0.017920106520096468,0.05828664798505164
282,400,0.606166,15865086.0,173202752.0,285734851.5093225,0.09159834827566712,0.007
283,131,0.06259333954,232874.0,172881299.0,2761975958.952006,0.0013470167181008977,0.04940985056983404
284,48,8.42,1644847.0,170044358.0,20195291.9239905,0.00967304660587445,0.06819335255971314
285,171,17.790167875,3864455.0,168867621.0,9492188.167448644,0.0228845232562375,0.055075705472860996
286,357,0.218404,18881863.0,168625356.0,772079980.2201425,0.11197522986993723,0.06621429855653031
287,276,9.19,1481745.0,168453270.0,18330062.023939066,0.008796178311053266,0.11079861611650794
288,146,3.26,945449.0,168320273.0,51631985.58282209,0.005616964511458462,0.04446721638840606
289,350,14.92,590959.0,167699043.0,11239882.238605898,0.00352392589384067,0.02627419519858474
290,157,3.984e-09,505356.0,166612893.0,4.182050527108434e+16,0.0030331146101640525,0.025059928172283332
291,16,0.040564968565,9350241.0,166194387.0,4096992870.429456,0.056260871192960325,0.01903505538035898
292,291,17.790167875,5247599.0,165855215.0,9322858.343179068,0.031639638223012766,0.013503086067019396
293,327,0.000548739722,107256.0,164420955.0,299633776101.96045,0.0006523256114161361,0.008504900548115419
294,275,17.790167875,23687001.0,163974343.0,9217132.977729138,0.14445553229019495,0.04158124577258358
295,500,17.790167875,1195100.0,162541982.0,9136618.78527945,0.0073525619984134314,0.018147543451754934
296,81,0.311626,16935581.0,161866858.0,519426678.1334035,0.1046266123235678,0.017320508075688773
297,215,0.883671,8255024.0,161542087.0,182807953.4125257,0.05110138263844517,0.07535914012248277
298,453,17.790167875,128316.0,161292251.0,9066370.375664596,0.0007955496882488173,0.06017751518078263
299,62,0.149179,1366910.0,157313585.0,1054529022.1814061,0.008689077933097767,0.0035118845842842467
300,497,0.005989952985,1229192.0,156870603.0,26188953968.8933,0.007835706477140271,0.06453164598345004
301,37,6.85,1292731.0,155499279.0,22700624.671532847,0.00831342118312973,0.029569128044860116
302,32,0.210282,2234800.0,154656421.0,735471514.4425105,0.014450095156411255,0.018000000000000002
303,354,0.008455524242,21823319.0,153505883.0,18154508059.655327,0.14216601066683549,0.0055075705472861025
304,465,0.656382,1215991.0,153058923.0,233185740.9252539,0.007944593991426427,0.005131601439446885
305,257,0.148804,535237.0,152354623.0,1023861072.2830032,0.0035130998289431624,0.024758836806279896
306,58,0.101366,172723.0,152144019.0,1500937385.3165755,0.0011352598750529917,0.08000208330620723
307,326,17.61,737205.0,152110576.0,8637738.557637706,0.0048465071882970185,0.006350852961085883
308,61,1.31,29389338.0,151360962.0,115542719.08396946,0.1941672252320912,0.03295957119462165
309,156,3.708e-09,1093047.0,151073649.0,4.074262378640777e+16,0.007235192948837821,0.007505553499465136
310,46,17.790167875,8343005.0,151006279.0,8488187.41121632,0.05524939131835703,0.008311638426527788
311,213,17.790167875,100410.0,150512232.0,8460416.622122515,0.0006671218589064575,0.08492349498224853
312,250,1.1,41252022.0,150442869.0,136766244.54545453,0.2742039039417681,0.07351417096950302
313,302,0.993428,886336.0,150338408.0,151332968.2674537,0.005895605865402007,0.0017320508075688772
314,452,0.009127060437,4578538.0,149908633.0,16424634638.364891,0.030542190322021014,0.04188476254359493
315,228,1.544e-09,7104908.0,149823531.0,9.703596567357512e+16,0.04742184323502561,0.050862559904118074
316,55,3.62,25806815.0,149778191.0,41375190.8839779,0.17230021826074798,0.011789826122551597
317,426,3.57,2216118.0,149004019.0,41737820.448179275,0.014872873999459035,0.0251064400768674
318,395,1.04,29384442.0,147999404.0,142307119.23076922,0.1985443265703962,0.0434856298103178
319,448,0.003245192677,5301268.0,147086117.0,45324309413.878296,0.03604193317578708,0.033321664624285104
320,440,0.969027,876536.0,146788183.0,151479972.1782778,0.005971434362669371,0.007
321,304,0.400529,2381151.0,146343514.0,365375575.80100316,0.016270970505737618,0.03165964834506747
322,264,2.09,25892084.0,146317069.0,70008166.98564593,0.17695873883312957,0.022338307903688678
323,481,0.318783,12922826.0,145914636.0,457724019.1603693,0.0885642890545949,0.016772994167212164
324,13,1.09,1755865.0,145104697.0,133123575.2293578,0.012100676520485068,0.010785793124908958
325,172,3.83,179427.0,144648026.0,37767108.61618799,0.0012404386355054718,0.04392417709341102
326,390,1.4396811e-05,13867876.0,143867182.0,9992989558590.441,0.096393602816242,0.024515301344262524
327,334,0.000600991914,0.0,142146180.0,236519288677.15182,0.0,0.06997380462239662
328,9,1.1,13275096.0,140584940.0,127804490.90909089,0.09442758235697224,0.008888194417315592
329,301,0.237795,12106980.0,139760673.0,587735961.6476376,0.08662651474209773,0.03371943060017473
330,59,0.387492,18604900.0,138948965.0,358585377.246498,0.1338973629634449,0.05063924696649164
331,30,0.834377,2749604.0,137522294.0,164820331.8164331,0.019993878228936467,0.023629078131262967
332,363,1.1,4643750.0,136959838.0,124508943.63636363,0.03390592503475362,0.004163331998932209
333,253,2.78,7430205.0,136718105.0,49179174.46043166,0.05434689867885457,0.041004064839151415
334,224,17.790167875,22218089.0,135437476.0,7613052.161825089,0.16404683294600086,0.008962886439832526
335,323,1.54,97440846.0,135061007.0,87701952.5974026,0.7214580148954465,0.08630952052545142
336,198,0.305377,133516.0,133894630.0,438456825.49766356,0.0009971721793472972,0.04225320500664217
337,495,1.01,179309.0,132954034.0,131637657.42574257,0.0013486540769421106,0.0020816659994661326
338,60,3.051e-09,189402.0,132913608.0,4.356394886922321e+16,0.0014250008170720938,0.02706165799305967
339,255,0.29492,3041.72,132775927.0,450209978.97734976,2.290867078638434e-05,0.01769180601295413
340,330,7.96,1069360.0,130200675.0,16356868.718592964,0.008213167865681189,0.004725815626252608
341,214,1.08,95258.1,130044220.0,120411314.8148148,0.0007325054508381842,0.006658328118479393
342,265,0.076908861633,32828560.0,129878030.0,1688726464.575209,0.2527645360805057,0.0410162569395762
343,387,0.166557,464074.0,129752776.0,779029257.2512712,0.0035766017060012653,0.01571623364550171
344,496,1.81,6449965.0,129524554.0,71560527.07182321,0.049797237672789055,0.02858904218985542
345,116,0.325281,27805515.0,129420731.0,397873626.1878192,0.2148459121282509,0.03659234892706397
346,113,0.027606422572,5292541.0,128916638.0,4669806008.503057,0.04105397939403291,0.07562407024221851
347,396,0.01399186433,2316593.0,128800635.0,9205394789.587702,0.017985881824262744,0.011930353445448854
348,342,13.65,4743523.0,128405686.0,9407009.963369964,0.036941689638261034,0.0192180470738661
349,336,2.55,23819831.0,126060547.0,49435508.62745098,0.1889554786716894,0.030347981810987034
350,397,0.931273,3193483.0,125656753.0,134930093.53862938,0.025414336466262184,0.020663978319771768
351,365,0.085865788522,11751380.0,125461512.0,1461135035.9620237,0.09366521901951891,0.02742869543622752
352,393,0.315524,6019119.0,124507907.0,394606771.5926522,0.048343267066564694,0.0020816659994661326
353,20,0.279294,7405255.0,124373230.0,445312931.8925577,0.05954058602482222,0.01997498435543818
354,281,0.192439,9196680.0,124009174.0,644407703.2202412,0.07416128745442656,0.02468467810876483
355,343,0.150149,1193005.0,123524355.0,822678506.017356,0.009658054883184778,0.012583057392117961
356,52,11.45,24421512.0,123217404.0,10761345.327510918,0.19819855967749492,0.009165151389911636
357,119,1.7,2418035.0,122765002.0,72214707.05882353,0.01969645225110655,0.008544003745317531
358,173,1.64,11166637.0,122187268.0,74504431.70731708,0.09138953004497981,0.020663978319771823
359,399,0.01159957152,35127631.0,121791772.0,10499678526.056454,0.2884236793927261,0.0043588989435406735
360,128,10.86,810741.0,120268451.0,11074443.001841621,0.006741094553550041,0.09602256679204807
361,227,0.126408,30233.26,119964465.0,949025892.3485856,0.00025201846230048203,0.05369357503463519
362,18,0.096545880435,44383919.0,119120382.0,1233821489.4647775,0.3725971849217206,0.022854612955229264
363,398,17.790167875,9721665.0,118658676.0,6669901.9837102005,0.08192966016239722,0.024214320831551946
364,8,1.95,28297857.0,117328055.0,60168233.333333336,0.2411857675472418,0.0055075705472861355
365,455,0.144477,7068380.0,117291824.0,811837344.3523883,0.06026319447466347,0.025238858928247926
366,26,17.790167875,1309490.0,116894099.0,6570713.656067734,0.011202361891681119,0.020518284528683192
367,122,0.306293,854759.0,116422219.0,380100815.2324735,0.007341888922422961,0.0015275252316519466
368,263,17.790167875,8304162.0,115928010.0,6516408.9970679935,0.0716320585508196,0.07696969100453321
369,160,0.010933267139,853332.0,115804492.0,10591938395.698244,0.007368729703507529,0.011789826122551595
370,409,7.15,1838591.0,115794807.0,16195077.902097901,0.015878009106228747,0.10205880657738452
371,434,0.180166,9656824.0,115725924.0,642329429.5261037,0.08344564179068469,0.03863073042712671
372,482,1.1,3811883.0,115711833.0,105192575.45454545,0.03294289703283847,0.0046188021535170055
373,502,17.790167875,19698.74,114815124.0,6453852.757699173,0.00017156920894846573,0.021733231083604053
374,258,17.790167875,3006803.0,114666914.0,6445521.751435411,0.026222062625667245,0.09609543867079914
375,388,12.83,5125254.0,114555634.0,8928732.190179268,0.04474030495959719,0.0688791211713196
376,2,0.237396,13715452.0,114207956.0,481086269.35584426,0.12009191373672776,0.05460158727851531
377,429,17.790167875,10610367.0,113643147.0,6387974.9645139305,0.093365656267861,0.1270052492353497
378,57,17.790167875,1429792.0,112999254.0,6351781.208247873,0.01265311008159399,0.054009258465563106
379,425,1.13,24704.16,112504097.0,99561147.78761064,0.00021958453655247773,0.041004064839151415
380,315,1.08,2762350.0,112079479.0,103777295.37037036,0.024646349399964646,0.05502726596879042
381,431,17.790167875,10096292.0,111960444.0,6293388.841897029,0.09017731298028793,0.05008991914547277
382,14,17.790167875,8581305.0,111651916.0,6276046.22870935,0.07685766001543583,0.076591992618898
383,115,0.391699,53854854.0,111498427.0,284653335.8522743,0.4830099890108764,0.032005207909547057
384,193,1.34,8376366.0,111488236.0,83200176.11940297,0.07513228570591071,0.03345145736735543
385,47,15.38,10770376.0,110711281.0,7198392.78283485,0.09728345569409498,0.06197849089267448
386,220,0.033106050211,3633167.0,110596002.0,3340658317.592135,0.0328507987115122,0.04833563212924119
387,230,0.021137782806,4429411.0,109983784.0,5203184506.597395,0.04027330974537119,0.0140118997046558
388,305,3.13,10611478.0,108618470.0,34702386.58146965,0.09769496845241882,0.023501772982763097
389,44,17.790167875,232010.0,108588792.0,6103865.503854892,0.002136592513157343,0.01877054430040145
390,317,0.045411075152,4190176.0,108434635.0,2387845578.1336927,0.03864241346872242,0.03955165398985647
391,186,0.479597,3389005.0,108345431.0,225909317.61458057,0.03127963005657341,0.012423096769056148
392,222,1.81,1850449.0,107989085.0,59662477.90055248,0.01713551883507486,0.0180092568789868
393,332,0.010978430413,4912504.0,107238670.0,9768124036.475595,0.04580907241762696,0.04452340208624374
394,444,0.233365,6103029.0,107165105.0,459216699.1622566,0.05694977856831288,0.015716233645501686
395,355,0.862787,113190.0,106505797.0,123443905.62212922,0.0010627590533874884,0.017009801096230764
396,277,6.07,97440846.0,105126141.0,17318968.86326194,0.9268945390090938,0.029614185789921695
397,51,0.548429,11013168.0,104901896.0,191277076.88688964,0.10498540464893028,0.020428737928059416
398,339,0.015632618015,2276212.0,103653419.0,6630586054.142769,0.021959835208137227,0.015373136743466942
399,199,8.93,444955.0,103576699.0,11598734.490481524,0.0042958986364298015,0.029501412395567323
400,430,1.17,5201034.0,103142455.0,88155944.44444445,0.050425734000611094,0.013453624047073709
401,335,0.053553941991,1026416.0,102790559.0,1919383619.1792278,0.009985508494024242,0.041146081222881964
402,141,0.164725,8159278.0,102630468.0,623041238.4276825,0.07950151800925238,0.014742229591664043
403,450,8.52,7769662.0,102446263.0,12024209.27230047,0.07584134132838014,0.014189197769195167
404,348,1.78,448935.0,102343090.0,57496117.97752809,0.004386568746360893,0.048603840726153764
405,373,4.33,3442729.0,102337446.0,23634514.087759815,0.03364095093793918,0.10570871928716809
406,189,6.09,105821.0,102164945.0,16775853.037766831,0.001035785806961478,0.005507570547286054
407,21,8.76,97440846.0,99922202.0,11406644.06392694,0.9751671205164194,0.07739724370630599
408,200,17.790167875,910181.0,99403281.0,5587540.359283989,0.009156448266531565,0.05749202843293437
409,218,0.021231711358,97440846.0,99367227.0,4680132718.673143,0.9806135175735557,0.07459445913292302
410,78,2.94,53097.41,98979226.0,33666403.40136054,0.0005364500425574151,0.027061657993059728
411,123,0.32163,121569.0,98858963.0,307368600.5658676,0.001229721578204295,0.005686240703077327
412,267,1.52,12492929.0,98095635.0,64536601.97368421,0.12735458616481762,0.019502136635080006
413,463,1.17,4735954.0,97124495.0,83012388.8888889,0.04876168468108895,0.08931032041893777
414,467,0.486023,1702240.0,97035126.0,199651304.56789082,0.017542513419315807,0.01457166199626293
415,69,0.515751,823683.0,96592411.0,187284970.84833574,0.008527409052870624,0.0205993527406405
416,484,0.013887822764,8343005.0,96585801.0,6954711522.555545,0.0863792080577144,0.008311638426527788
417,503,0.995877,8450530.0,95584478.0,95980204.38266975,0.08840901971552327,0.0015275252316519468
418,501,17.790167875,5049393.0,95094991.0,5345367.827227431,0.053098411881652104,0.02098412098071619
419,76,13.1,1741028.0,94296802.0,7198229.160305344,0.018463277259392105,0.005859465277082315
420,36,13.43,7904878.0,93213520.0,6940693.968726731,0.08480398551626417,0.019924858845171277
421,451,0.020985885492,58902495.0,92248152.0,4395723594.087359,0.6385222221037014,0.024758836806279855
422,287,17.790167875,365249.0,92043237.0,5173826.219444823,0.003968232886029421,0.07000952316173373
423,319,4.82,2928863.0,91532885.0,18990225.103734437,0.03199793167231646,0.09904207859962012
424,23,1.12,9846521.0,91484573.0,81682654.4642857,0.10763039796884662,0.06750061728112805
425,460,0.473501,7300330.0,91110234.0,192418250.4366411,0.08012634453337042,0.022300971578236975
426,202,0.142817,22972045.0,90978713.0,637029996.4289966,0.2524991203161997,0.015502687938977978
427,136,17.790167875,3498225.0,90554011.0,5090115.598473519,0.038631364435088356,0.04052571200279316
428,154,0.009006140462,3388475.0,89718345.0,9961908253.43581,0.037767916918217785,0.012124355652982194
429,480,0.309582,200162.0,89683955.0,289693699.89211255,0.002231859645351278,0.0643661401670163
430,140,0.005086662997,176858.0,89440714.0,17583377167.45735,0.001977376880063815,0.022678918257565402
431,225,17.790167875,420336.0,87457228.0,4916042.87348525,0.004806189375222366,0.011930353445448854
432,487,0.177688,818771.0,86960205.0,489398299.2661294,0.009415467684327562,0.0043588989435406735
433,137,0.348705,893982.0,85948342.0,246478662.4797465,0.010401387382202207,0.10872442227944912
434,19,0.222035,594392.0,85612394.0,385580624.67628974,0.006942826525794851,0.025106440076867395
435,75,1.61,4391814.0,85251644.0,52951331.67701863,0.05151588630947692,0.07389857914736925
436,11,1.1,57235927.0,85075417.0,77341288.18181817,0.6727669286651866,0.054601587278515384
437,41,3.78,709787.0,84389747.0,22325329.894179896,0.008410820333422732,0.03034798181098701
438,182,0.769839,72974143.0,83873286.0,108949125.72628821,0.870052271470561,0.03800438571182717
439,39,0.367835,10518480.0,83514063.0,227042187.39380428,0.125948608200274,0.005033222956847112
440,53,17.790167875,550846.0,83416764.0,4688925.0616472885,0.00660354074631809,0.10409610943738476
441,491,17.790167875,295233.0,83232136.0,4678546.96958558,0.003547103488969693,0.10210941843597647
442,85,0.999208,770929.0,82951206.0,83016955.42869954,0.009293764818802031,0.002
443,87,1.18,7896532.0,82919242.0,70270544.06779662,0.09523159895745309,0.013856406460551017
444,10,3.46,1223986.0,82839334.0,23942004.046242774,0.014775420574965028,0.07104224095564551
445,114,17.790167875,16874472.0,81618922.0,4587866.88093577,0.20674705799226312,0.04309679029038396
446,174,17.790167875,133497.0,81067367.0,4556863.519760349,0.0016467415304113676,0.012503332889007368
447,178,5.67,13047215.0,80324424.0,14166565.07936508,0.16243147912271366,0.03329164059239696
448,64,0.357696,5174312.0,80023062.0,223718079.0391841,0.06466026006353019,0.06937578828380979
449,95,0.305749,8210647.0,79586374.0,260299703.35144186,0.10316649179167278,0.01858314648635514
450,369,0.733022,14792090.0,78755589.0,107439597.99296612,0.18782273344435277,0.03700450423034111
451,145,17.790167875,7197240.0,78254927.0,4398773.949175001,0.09197171700128223,0.015011106998930268
452,107,0.908045,2532869.0,78203679.0,86123131.56286308,0.032388105424042773,0.028431203515386638
453,106,0.308264,4464667.0,78070115.0,253257321.64638105,0.05718791371064331,0.08558231904624536
454,12,0.216541,8958942.0,78030243.0,360348585.25637174,0.11481371395959897,0.08496469855181034
455,284,0.01746492327,37129.53,77747624.0,4451644178.337121,0.0004775648192155686,0.04484417464955733
456,403,1.2,1500542.0,77516525.0,64597104.16666667,0.019357704695869688,0.02882707061079915
457,43,0.049616183289,9851172.0,77090931.0,1553745691.2186794,0.12778639292863125,0.029614185789921695
458,383,5.9,223101.0,76435550.0,12955177.966101695,0.002918811992587219,0.04572016331262754
459,347,3.03,1012855.0,76393616.0,25212414.521452148,0.013258372270269285,0.002
460,309,0.056409521696,51980.14,76293156.0,1352487199.0788383,0.0006813211397363087,0.0944086860410628
461,331,1.31,1379488.0,76264908.0,58217487.02290076,0.018088109409376066,0.09110616517740887
462,38,8.02,1527291.0,76264310.0,9509265.586034913,0.020026287525580444,0.007211102550927979
463,498,0.999331,207110.0,75247445.0,75297819.24107228,0.0027523858119036467,0.0015275252316519468
464,483,0.177963,16.65,74186632.0,416865483.27461326,2.2443396540767613e-07,0.0660101002372616
465,375,0.273188,593740.0,73980085.0,270802835.4100473,0.008025673395752385,0.009712534856222256
466,380,0.084142124159,868150.0,73918145.0,878491549.135601,0.01174474819410038,0.031021497922139946
467,184,0.156275,197146.0,73747459.0,471908232.28283477,0.0026732582067675037,0.0635793467513888
468,226,4.1143641e-05,1152459.0,73595419.0,1788743465849.3154,0.015659384995144875,0.05873102530463208
469,341,0.035663494252,331202.0,72989274.0,2046610281.2095249,0.004537680426852855,0.03134219732777734
470,446,0.014381539264,1480880.0,72963217.0,5073394138.181174,0.020296254207102737,0.07031358332498765
471,121,17.790167875,207236.0,72755648.0,4089654.9437423446,0.002848383674625508,0.012503332889007417
472,370,1.0,8343005.0,72643253.0,72643253.0,0.114849000498367,0.008311638426527788
473,385,3.43,406765.0,72604865.0,21167599.12536443,0.005602448265691287,0.041218927691049914
474,50,7.32,4125819.0,72581913.0,9915561.8852459,0.05684362438890251,0.018248287590894658
475,413,0.666697,1492924.0,71996496.0,107989830.46271394,0.02073606471070481,0.023007245235649863
476,468,17.790167875,3964149.0,70945266.0,3987891.87929459,0.05587615951711281,0.011930353445448853
477,190,0.00755611809,58152200.0,70736052.0,9361427542.220955,0.8221012956731032,0.05132575701666107
478,132,0.033479547514,3240870.0,70448413.0,2104222375.4828491,0.046003449360881986,0.01446835627614047
479,379,0.091107956047,3841586.0,70322023.0,771853810.0418241,0.054628490992075125,0.028583211855912904
480,359,0.225841,905540.0,70125336.0,310507551.77315015,0.012913164508759003,0.026083200212652848
481,329,0.179852,598873.0,70111160.0,389826968.84104705,0.00854176424979989,0.03251666239535253
482,318,0.640304,280435.0,69590558.0,108683622.15447663,0.004029785190111566,0.06828616258071617
483,7,1.36,5128.17,69502548.0,51104814.70588235,7.378391364874853e-05,0.02835489375751565
484,376,0.007189378251,221837.0,69453171.0,9660525371.625769,0.0031940514278318553,0.07609862022402247
485,93,0.038262750519,601191.0,69008937.0,1803554006.5456736,0.008711784677975839,0.03650114153466071
486,432,1.33,3953320.0,68723455.0,51671770.676691726,0.05752504730735671,0.018248287590894658
487,353,17.790167875,580990.0,68675140.0,3860286.225657665,0.008459975472929506,0.09500701728468959
488,205,0.05572426797,6277598.0,68613799.0,1231309113.597316,0.09149177121062776,0.02470492528491704
489,88,1.77,445046.0,68530128.0,38717586.44067796,0.0064941656026091185,0.021166010488516726
490,208,17.790167875,2344685.0,68519516.0,3851538.47234283,0.03421922886904222,0.03874274125562103
491,490,17.790167875,295513.0,68514733.0,3851269.6159703885,0.004313130724744998,0.013527749258468683
492,424,0.007869637878,13601229.0,67862398.0,8623319020.778963,0.20042364255975748,0.010535653752852737
493,299,1.708294e-06,14382323.0,67555662.0,39545688271456.79,0.21289589316732624,0.07678758580222023
494,80,0.007639549275,15140717.0,66948840.0,8763454176.424564,0.2261535375370208,0.0186100331362771
495,5,0.068515692234,14838311.0,66892485.0,976308971.2579083,0.22182328852037714,0.020231987873991324
496,181,1.54,7298293.0,66370610.0,43097798.7012987,0.10996272295824915,0.020231987873991324
497,152,0.000950733762,423218.0,66340451.0,69778158356.8082,0.006379486325771285,0.03538832199092426
498,401,0.458127,16421385.0,66264262.0,144641686.69386438,0.24781661342580108,0.006350852961085827
499,307,0.325739,464624.0,65770433.0,201911447.50858817,0.007064329346896652,0.04443347086750408
500,67,17.790167875,97440846.0,1313442555.625,73829688.67150164,0.07418736783173048,0.01588500340992514
501,148,17.790167875,97440846.0,1313442555.625,73829688.67150164,0.07418736783173048,0.016072751268321573
502,417,1.0,97440846.0,1313442555.625,1313442555.625,0.07418736783173048,0.0
503,45,17.790167875,97440846.0,1313442555.625,73829688.67150164,0.07418736783173048,0.013012814197295424
504,439,0.999739,97440846.0,1313442555.625,1313785453.628397,0.07418736783173048,0.0005773502691896258
505,470,0.796926,97440846.0,1313442555.625,1648136157.7172785,0.07418736783173048,0.0163707055437449
506,415,17.790167875,97440846.0,1313442555.625,73829688.67150164,0.07418736783173048,0.06315061361538778
507,382,17.790167875,97440846.0,1313442555.625,73829688.67150164,0.07418736783173048,0.021633307652783894
508,79,0.838396,97440846.0,1313442555.625,1566613575.953368,0.07418736783173048,0.015502687938977978
509,40,17.790167875,97440846.0,1313442555.625,73829688.67150164,0.07418736783173048,0.041476901202155074
510,322,17.790167875,97440846.0,1313442555.625,73829688.67150164,0.07418736783173048,0.027934447074057688
511,63,0.999538,97440846.0,1313442555.625,1314049646.5617115,0.07418736783173048,0.0005773502691896258
512,133,0.11685,97440846.0,1313442555.625,11240415538.083014,0.07418736783173048,0.025890796305508515
513,416,1.0,97440846.0,1313442555.625,1313442555.625,0.07418736783173048,0.0015275252316519468
514,377,2.2354322e-05,97440846.0,1313442555.625,58755642672812.89,0.07418736783173048,0.03521836642056717
515,466,17.790167875,97440846.0,1313442555.625,73829688.67150164,0.07418736783173048,0.01588500340992508
516,110,0.40337,64923668.0,1313442555.625,3256173130.4385552,0.04943015415630884,0.008736894948054104
517,324,1.46,97440846.0,1313442555.625,899618188.7842466,0.07418736783173048,0.024006943440041117
518,117,1.0,97440846.0,1313442555.625,1313442555.625,0.07418736783173048,0.0005773502691896258
519,105,17.790167875,97440846.0,1313442555.625,73829688.67150164,0.07418736783173048,0.02981610303175115
520,243,17.790167875,97440846.0,1313442555.625,73829688.67150164,0.07418736783173048,0.019857828011475308
521,239,17.790167875,6987747.0,1313442555.625,73829688.67150164,0.0053201770949738185,0.01607275126832159
522,283,10.9,97440846.0,1313442555.625,120499317.02981651,0.07418736783173048,0.04619884558442271
523,89,14.54,97440846.0,1313442555.625,90333050.5931912,0.07418736783173048,0.01814754345175493
524,410,0.060963260767,97440846.0,1313442555.625,21544821243.157307,0.07418736783173048,0.0015275252316519466
525,159,17.790167875,63018114.0,1313442555.625,73829688.67150164,0.04797934537000966,0.007937253933193772
526,235,6.23,1071771.0,1313442555.625,210825450.34109148,0.0008160014272493243,0.03233161507461904
527,68,17.790167875,97440846.0,1313442555.625,73829688.67150164,0.07418736783173048,0.022605309110914636
528,293,17.790167875,97440846.0,1313442555.625,73829688.67150164,0.07418736783173048,0.037541088600802894
529,17,0.755697,97440846.0,1313442555.625,1738054479.0107677,0.07418736783173048,0.025632011235952594
530,394,0.190708,97440846.0,1313442555.625,6887191704.726598,0.07418736783173048,0.009165151389911681
531,443,9.22,97440846.0,1313442555.625,142455808.63611713,0.07418736783173048,0.01011599393699568
532,187,0.206426,50736623.0,1313442555.625,6362776760.800481,0.038628733919662775,0.031005375877955956
533,42,17.790167875,97440846.0,1313442555.625,73829688.67150164,0.07418736783173048,0.020880613017821098
534,124,2.45,97440846.0,1313442555.625,536099002.29591835,0.07418736783173048,0.014977761292440647
535,421,3.21,97440846.0,1313442555.625,409172135.7087228,0.07418736783173048,0.03950949253027682
536,211,16.83,97440846.0,1313442555.625,78041744.24390969,0.07418736783173048,0.03559494346111537
537,149,17.790167875,97440846.0,1313442555.625,73829688.67150164,0.07418736783173048,0.02369247419188915
538,142,17.790167875,97440846.0,1313442555.625,73829688.67150164,0.07418736783173048,0.07696969100453328
539,273,17.790167875,97440846.0,1313442555.625,73829688.67150164,0.07418736783173048,0.0068068592855540285
540,486,17.790167875,4709.81,1313442555.625,73829688.67150164,3.5858515317853722e-06,0.02621068484416231
541,447,0.048673709569,97440846.0,1313442555.625,26984640522.684216,0.07418736783173048,0.007571877794400365
542,164,17.67,97440846.0,1313442555.625,74331780.1711941,0.07418736783173048,0.044676615807377355
543,161,1.22,97440846.0,1313442555.625,1076592258.7090163,0.07418736783173048,0.06123180001709351
544,229,1.1,40036524.0,1313442555.625,1194038686.931818,0.030482127922944198,0.01928730152198591
545,306,9.33,61428078.0,1313442555.625,140776265.3403001,0.04676875873781136,0.04324735059322519
546,461,17.790167875,97440846.0,1313442555.625,73829688.67150164,0.07418736783173048,0.0026457513110645717
547,168,0.999541,15926230.0,1313442555.625,1314045702.6024945,0.012125562653496881,0.001
548,423,2.87,97440846.0,1313442555.625,457645489.76480836,0.07418736783173048,0.04460194315647395
549,254,0.998598,57656794.0,1313442555.625,1315286587.4205637,0.043897461486287905,0.0017320508075688774
550,419,3.1,74557601.0,1313442555.625,423691146.9758064,0.056765026137379763,0.022479620400116487
551,420,0.4138,97440846.0,1313442555.625,3174099941.094732,0.07418736783173048,0.10458170649465094
552,488,0.022557565168,1167.72,1313442555.625,58226255619.47794,8.890529661910809e-07,0.0005773502691896258
553,408,8.08,97440846.0,1313442555.625,162554771.73576733,0.07418736783173048,0.07408103670980846
554,188,17.790167875,21484397.0,1313442555.625,73829688.67150164,0.01635731757585445,0.030599564267050166
555,139,2.09,97440846.0,1313442555.625,628441414.1746411,0.07418736783173048,0.003
556,166,5.72,97440846.0,1313442555.625,229622824.40996504,0.07418736783173048,0.052848841046895245
557,6,17.790167875,97440846.0,1313442555.625,73829688.67150164,0.07418736783173048,0.073184697854128
558,204,0.714113,23553216.0,1313442555.625,1839264311.9856381,0.017932429476363535,0.01997498435543818
559,138,0.003390695541,3682195.0,1313442555.625,387366703893.92535,0.0028034686284759765,0.0895786432880813
560,485,0.021937899212,187.54,1313442555.625,59870935814.426056,1.4278507971044027e-07,0.0005773502691896258
561,422,0.164365,15319348.0,1313442555.625,7991011198.399902,0.011663508186477411,0.010148891565092221
562,256,17.790167875,96980207.0,1313442555.625,73829688.67150164,0.07383665664300948,0.03958535082577897
563,476,17.790167875,97440846.0,1313442555.625,73829688.67150164,0.07418736783173048,0.03897435053981015
564,311,6.51,97440846.0,1313442555.625,201757689.03609833,0.07418736783173048,0.04200396806652121
565,216,17.790167875,8314477.0,1313442555.625,73829688.67150164,0.006330293597075942,0.048757905341937455
566,175,0.230194,97440846.0,1313442555.625,5705807082.830134,0.07418736783173048,0.012013880860626682
567,66,1.826877e-06,72096087.0,1313442555.625,718955110620474.1,0.05489093275624313,0.01345362404707371
568,31,17.790167875,39217699.0,1313442555.625,73829688.67150164,0.029858708956889482,0.07673982017179869
569,196,17.790167875,2193840.0,1313442555.625,73829688.67150164,0.0016702976392873642,0.01345362404707371
570,185,0.13101,66326965.0,1313442555.625,10025513744.179834,0.05049856555655637,0.03164385143014884
571,338,17.790167875,21373345.0,1313442555.625,73829688.67150164,0.016272767247007252,0.027622454633866266
572,494,7.9780188e-05,23608652.0,1313442555.625,16463267241548.74,0.017974636118566947,0.025514701644346167
573,71,17.790167875,82946701.0,1313442555.625,73829688.67150164,0.06315213455264507,0.04221768981521056
574,279,17.790167875,97440846.0,1313442555.625,73829688.67150164,0.07418736783173048,0.028053520278211074
575,197,9.11,29386478.0,1313442555.625,144175911.70417124,0.022373630178303825,0.007810249675906654
576,435,1.0,96692815.0,1313442555.625,1313442555.625,0.07361784844407515,0.0005773502691896258
577,473,17.790167875,1489749.0,1313442555.625,73829688.67150164,0.0011342323222435144,0.05460158727851531
578,86,3.27,3708538.0,1313442555.625,401664390.09938836,0.00282352508232482,0.02751363298439516
579,231,17.790167875,8987570.0,1313442555.625,73829688.67150164,0.006842758338771258,0.013796134724383251
580,144,1.42,97440846.0,1313442555.625,924959546.2147888,0.07418736783173048,0.008888194417315589
581,389,1.26,24411447.0,1313442555.625,1042414726.6865079,0.01858585051584829,0.06727803009403094
582,195,0.041455610624,898844.0,1309127902.0,31579028321.97346,0.000686597542246869,0.07821338333899967
583,84,3.01,97440846.0,1293158139.0,429620644.18604654,0.07535106732990218,0.05604462507680822
584,56,0.851143,97440846.0,1275120629.0,1498127375.7758684,0.07641696305738302,0.07995206897468833
585,346,0.128757,221810.0,1262403652.0,9804543846.15982,0.00017570449804117012,0.027221315177632398
586,280,2.21,5428058.0,1240018250.0,561094230.7692307,0.004377401703563637,0.007023769168568487
587,232,17.790167875,69995764.0,1211430260.0,68095493.44963671,0.057779441632900934,0.03510460558578226
588,22,0.025125131288,6754386.0,1207186380.0,48046968040.18547,0.005595147619210217,0.020223748416156685
589,91,0.203275,97440846.0,1083816831.0,5331776317.796089,0.08990527108726917,0.006027713773341709
590,219,6.24,48584887.0,1069867085.0,171453058.49358973,0.045412077519891174,0.0338673884437522
591,118,17.790167875,97440846.0,1029536952.0,57871120.67934884,0.09464531196350881,0.015947831618540874
592,169,17.71,3134769.0,1023317870.0,57781923.77188029,0.003063338471749741,0.007571877794400365
593,104,17.790167875,22222451.0,1013012985.0,56942294.87421292,0.021936985338840448,0.04705670338361299
594,65,1.14,42339293.0,1011521016.0,887299136.8421054,0.041857057174578764,0.005859465277082315
595,312,0.99955,71689116.0,995452485.0,995900640.2881296,0.07201661262616668,0.0005773502691896258
596,406,4.48,97440846.0,960919289.0,214490912.72321427,0.10140377773184653,0.05950630218724736
597,176,6.32,6795778.0,959114001.0,151758544.4620253,0.007085474711988903,0.023115651263447747
598,247,0.715444,92431592.0,891618804.0,1246245414.0365982,0.10366716312546499,0.021166010488516688
599,278,0.097812627388,12854080.0,880846859.0,9005451366.784012,0.014592865795755763,0.01569500982265807
600,270,2.02,97440846.0,851729245.0,421648141.0891089,0.11440354616448564,0.052735187493740836
601,111,2.13,97440846.0,838186885.0,393514969.4835681,0.11625193348139777,0.03636390151418476
602,295,0.228057,46311590.0,795948991.0,3490131813.537843,0.058184117982002695,0.028290163190291664
603,27,7.72,97440846.0,794922002.0,102969171.24352331,0.12257912820986429,0.04800781186432058
604,372,4.73,7931935.0,784928146.0,165946753.91120505,0.01010530077233337,0.015874507866387486
605,236,17.790167875,2027017.0,784870999.0,44118245.792551294,0.0025826116681373266,0.01096965511460289
606,489,0.021768404499,5320.09,775840943.0,35640689377.83845,6.857191603511443e-06,0.0
607,99,17.790167875,55258209.0,766476634.0,43084283.37413876,0.07209379457743521,0.027300793639257692
608,24,2.85,77859396.0,754479150.0,264729526.31578946,0.10319621953767709,0.0786320545324868
609,126,17.790167875,10725860.0,732991389.0,41202050.15209841,0.014632995913680509,0.024946609656090208
610,212,0.077158067035,53815127.0,732645462.0,9495383828.98656,0.07345316362581933,0.03744774136491185
611,192,0.004092449012,45825585.0,726741711.0,177581127796.34555,0.06305621970829743,0.0140118997046558
612,72,7.93,2877708.0,703620569.0,88728949.43253468,0.004089857697153251,0.02672701504720146
613,505,17.790167875,79795044.0,691957768.0,38895516.49326412,0.11531779494380935,0.03502855977627399
614,288,1.0,6067663.0,685994297.0,685994297.0,0.008845063328565834,0.005859465277082316
615,289,17.790167875,21594.97,655250086.0,36832147.431323774,3.295683657491348e-05,0.015502687938977982
616,469,0.052299016906,9542402.0,644478092.0,12322948501.275982,0.014806402449441213,0.04691836882643436
617,381,0.017171858167,97440846.0,642859351.0,37436795991.91043,0.15157412869304285,0.05182984982935348
618,457,0.276858,20480550.0,626238810.0,2261949483.1285353,0.03270405741860681,0.026652079343520898
619,337,5.97,61604038.0,621303049.0,104070862.47906198,0.0991529626309624,0.009237604307034013
620,402,3.21,97440846.0,618121984.0,192561365.73208722,0.1576401560246076,0.010214368964029651
621,308,17.790167875,22038867.0,617755161.0,34724526.791459516,0.03567573108466511,0.015132745950421557
622,1,1.49,64145152.0,617505356.0,414433124.8322148,0.10387788765997359,0.04909514572066503
623,499,17.790167875,10275356.0,613544826.0,34487860.39069347,0.016747522861516234,0.018520259177452134
624,244,17.790167875,11245178.0,612934461.0,34453551.27094325,0.018346460699327525,0.027934447074057747
625,259,17.790167875,14128670.0,607857600.0,34168176.72947338,0.02324338792506666,0.023028967265887774
626,54,2.32,18087546.0,595471450.0,256668728.4482759,0.030375169120198792,0.004163331998932265
627,25,0.072733294373,21277459.0,594634282.0,8175544461.804823,0.035782429039299825,0.03132091952673162
628,321,0.697976,1086957.0,587728129.0,842046329.6732266,0.0018494214354678267,0.04476978147515725
629,478,0.041562864374,30167523.0,585253625.0,14081166777.478174,0.05154606774114385,0.006658328118479393
630,294,4.13,75465179.0,579014475.0,140197209.4430993,0.13033383837252083,0.019078784028338912
631,179,17.790167875,1192417.0,571602114.0,32130225.977420684,0.002086096203626007,0.025006665778014737
632,356,2.46,19940200.0,568806275.0,231222063.00813007,0.03505622366771534,0.0458839114868527
633,162,1.0,6008234.0,560856126.0,560856126.0,0.010712611882926996,0.003785938897200182
634,201,0.745261,27185040.0,547848667.0,735109803.1427916,0.04962144044059525,0.05666568626602876
635,367,0.000962072159,310296.0,544136940.0,565588490332.7714,0.000570253510081488,0.08280901722236132
636,351,0.051574181471,14056137.0,539976450.0,10469898592.64421,0.026031018574976743,0.0387986254052039
637,203,0.022801632948,36690680.0,526323716.0,23082720312.19437,0.06971124212080916,0.019139836293274124
638,70,17.790167875,6176845.0,523876360.0,29447522.006590392,0.011790654191763873,0.023072349974229578
639,221,3.21,15300789.0,517309409.0,161155579.12772587,0.02957763522913228,0.011015141094572203
640,349,0.196257,7033356.0,510399595.0,2600669504.7819953,0.013780097141338836,0.04630694692304097
641,493,0.128151,2236562.0,508057632.0,3964523351.358944,0.00440218168005003,0.034703506066870726
642,438,7.69,62505441.0,503852158.0,65520436.6710013,0.12405512213763308,0.024006943440041117
643,292,17.790167875,3504725.0,502905278.0,28268720.201719847,0.006968956488064538,0.05632347053700912
644,384,0.063697975897,1141938.0,495479119.0,7778569287.683373,0.002304714681629197,0.07266590213665085
645,459,0.512092,49800358.0,489182316.0,955262562.1958555,0.10180326714835701,0.018147543451754934
646,274,2.41,44775987.0,485893979.0,201615758.9211618,0.0921517634199785,0.04989321931218038
647,449,0.213294,3415563.0,485455669.0,2275993084.6624846,0.007035787648820309,0.029160475533388228
648,418,17.790167875,2671319.0,483043378.0,27152266.43132506,0.005530184496184109,0.014798648586948742
649,194,17.790167875,25684055.0,480024115.0,26982551.169433523,0.0535057598095879,0.03883726732577015
650,371,0.569767,241909.0,478721909.0,840206451.0580641,0.0005053226005580622,0.031085902485424696
651,360,17.790167875,1766976.0,469695713.0,26401983.17971184,0.003761958968529057,0.031659648345067425
652,180,0.466554,12086033.0,466317264.0,999492586.0672076,0.025918047503383876,0.05197114584074513
653,241,1.01,3788413.0,465309713.0,460702686.1386139,0.008141701954972946,0.0005773502691896258
654,35,0.743362,6575647.0,457745959.0,615777991.0729901,0.014365275914975363,0.030072135496724096
655,364,0.761181,97440846.0,456251258.0,599399167.8720305,0.21356838867061273,0.07051477386571783
656,49,2.83e-09,9830393.0,449901755.0,1.589758851590106e+17,0.021850088137575725,0.039501054838236065
657,378,0.008924907028,8429351.0,448569310.0,50260390230.70034,0.018791635566864796,0.035851545759329945
658,298,0.509902,26504330.0,446660094.0,875972429.9963523,0.05933892540666505,0.024337899115029083
659,0,0.51816,24224308.0,439124277.0,847468498.1472905,0.05516503930389619,0.013000000000000001
660,268,17.790167875,36285014.0,438927006.0,24672448.797788534,0.08266753584079992,0.04521061822182923
661,3,1.538902e-06,52887977.0,426608620.0,277216235991635.6,0.12397306224145213,0.03350124375800596
662,405,2.42,8785527.0,425904952.0,175993781.8181818,0.020627905260890228,0.05221430199986718
663,492,4.8,84542474.0,410559152.0,85533156.66666667,0.20592032497183257,0.04384442191811101
664,404,0.426636,717426.0,407989611.0,956294384.4401315,0.0017584418344417107,0.04273562136360407
665,153,0.047881406153,59460882.0,407661797.0,8513989662.236726,0.1458583620971479,0.05566866263886713
666,362,0.123037,8458820.0,399524174.0,3247187220.1045218,0.021172235750620688,0.0140118997046558
667,134,7.16912e-07,8089301.0,395179401.0,551224419454549.5,0.02046994600308127,0.020663978319771827
668,103,2.1,284039.0,394323956.0,187773312.38095236,0.0007203189044897896,0.03521836642056717
669,297,17.790167875,8810942.0,391190971.0,21989166.923474014,0.022523377718756194,0.08407734534343958
670,101,0.149017,925421.0,376819046.0,2528698376.6952763,0.002455876394315801,0.0788056681548563
671,207,1.59,74989985.0,374143811.0,235310572.95597482,0.20043091131073126,0.005196152422706632
672,177,0.999103,2599754.0,370970338.0,371303397.1472411,0.007007983479261353,0.0005773502691896258
673,217,0.049988160157,46444031.0,365218776.0,7306105582.86085,0.12716769797180416,0.034268547289509274
674,290,0.423049,4447816.0,358798163.0,848124361.480585,0.012396429131104553,0.06527122898592713
675,325,0.396075,16295087.0,356459406.0,899979564.4764249,0.045713724271874034,0.038527046776690915
676,150,15.1,97440846.0,350492086.0,23211396.42384106,0.27801154403240935,0.039208842540086976
677,206,17.790167875,10973374.0,349615509.0,19652175.935411174,0.03138697717211395,0.019008769905844387
678,340,0.34295,45489119.0,343396923.0,1001303172.4741217,0.13246804485781605,0.09219725230902129
679,125,17.790167875,665903.0,343383679.0,19301879.634455107,0.0019392389351154922,0.048003472096644566
680,223,0.623793,1863025.0,342624992.0,549260719.5015013,0.005437504687340496,0.04635730794599704
681,191,0.921978,27492473.0,342506941.0,371491446.65057087,0.08026836746645669,0.03329164059239696
682,167,1.43,11148974.0,328526106.0,229738535.66433567,0.03393634111987435,0.023965252624024918
683,285,0.010823610593,5885924.0,326436851.0,30159700240.05833,0.0180308196883078,0.02551470164434615
684,282,2.43,97440846.0,325248112.0,133846959.67078188,0.29958927478724307,0.06453164598345004
685,183,0.999448,21491124.0,321832852.0,322010601.85222244,0.06677728475028398,0.0005773502691896258
686,238,2.9,6548070.0,320418126.0,110489008.96551724,0.02043601615721328,0.09338807918215965
687,120,4.33,13531791.0,319385783.0,73761150.80831409,0.04236816953120296,0.07464583042608608
688,441,1.17,4195149.0,317369548.0,271256023.93162394,0.013218498833416746,0.03176476034853718
689,386,0.003476639888,47028727.0,316934220.0,91161072245.05272,0.14838639702585601,0.06069870948655605
690,411,0.005151230174,2189831.0,316916231.0,61522436446.265465,0.006909810182615734,0.032787192621509954
691,407,0.497339,11664234.0,316225956.0,635835830.288797,0.03688575772698431,0.05278573039499722
692,158,3.95,97440846.0,311501806.0,78861216.70886075,0.3128098910604711,0.0037859388972001826
693,102,0.060997698339,97440846.0,309380835.0,5072008344.980317,0.3149543700727293,0.03406366588218792
694,233,3.01,19917604.0,308453415.0,102476217.60797343,0.06457248657791648,0.0265141471671257
695,245,1.25,52982527.0,306746978.0,245397582.4,0.1727238760278838,0.0642987817406623
696,428,1.19,10836099.0,305642692.0,256842598.31932774,0.03545348632121065,0.06221736092120906
697,242,2.1,8942754.0,304232009.0,144872385.23809522,0.02939452041681781,0.019924858845171277
698,130,0.395059,1567720.0,302184765.0,764910469.069177,0.00518795181484414,0.0862612311528185
699,129,0.01993648681,12119980.0,302087064.0,15152472292.584433,0.040120817619651535,0.02589079630550848
700,314,3.61,5704698.0,298811585.0,82773292.24376732,0.019091287909737503,0.04630694692304097
701,320,0.812543,21899896.0,295009942.0,363069944.6060085,0.07423443376698131,0.022479620400116432
702,414,3.29,2346397.0,290187601.0,88202918.23708206,0.008085793438155891,0.08776293826743337
703,391,0.387759,1422449.0,288957891.0,745199701.3608968,0.004922686122456507,0.0833726573883787
704,361,1.93,2336649.0,285584777.0,147971387.04663214,0.008181980232090592,0.0375099986670221
705,436,0.81527,26534917.0,284403138.0,348845337.12757736,0.09330036646782709,0.060852280154485586
706,82,0.067306582006,10361454.0,280491915.0,4167377196.1113067,0.03694029469619472,0.024006943440041166
707,427,17.790167875,6082833.0,280398265.0,15761417.597078182,0.021693547212212602,0.06252466180103122
708,368,5.15423e-07,879.16,277800683.0,538976108943528.0,3.1647150413953444e-06,0.0146401275039985
709,345,0.001337390452,17146649.0,277127753.0,207215291978.17242,0.061872724093425605,0.0473849483837783
710,316,1.44,1185789.0,275717440.0,191470444.44444445,0.004300739916923645,0.08896253893259408
711,366,1.41,68376375.0,273381975.0,193887925.5319149,0.25011296008085393,0.024664414311581236
712,248,1.0,5757297.0,269690665.0,269690665.0,0.02134778005757077,0.0032145502536643183
713,165,2.8878952e-05,7318364.0,264302676.0,9152086820879.096,0.027689329940798632,0.06107645481962205
714,209,5.4,25990848.0,262798491.0,48666387.22222222,0.09890029391378811,0.0029999999999999493
715,272,2.11,42594303.0,261388946.0,123881017.06161138,0.16295372720160858,0.030270998221620153
716,252,0.105998,22877952.0,258748257.0,2441067350.327365,0.08841780139991436,0.0861529647390809
717,155,0.19269,14939.44,258439550.0,1341219315.9997923,5.7806322600391464e-05,0.007371114795831955
718,313,3.95,9229627.0,257335955.0,65148343.03797468,0.03586606076869437,0.020008331597945225
719,477,5.21,38130.88,257245207.0,49375279.65451056,0.00014822775687323107,0.06254864773385056
720,458,0.000265884701,78640150.0,256027145.0,962925448651.519,0.3071555166542985,0.024542480178933287
721,96,1.37,32845038.0,254083272.0,185462242.3357664,0.12926879342139455,0.016623276853055577
722,462,0.55677,6363664.0,254078525.0,456343777.50237983,0.025046052199807125,0.07014983962918232
723,374,1.9,28934537.0,253353070.0,133343721.05263159,0.1142063800529435,0.017156145643277027
724,240,17.790167875,4306699.0,252733440.0,14206354.980784575,0.017040479487004174,0.025794056162870862
725,479,2.84,14507743.0,252612673.0,88948124.29577465,0.05743078060062331,0.010408329997330662
726,271,1.71,49984848.0,248849118.0,145525800.0,0.20086407539527626,0.09382075108062878
727,109,1.17,3120629.0,242723178.0,207455707.6923077,0.01285674085892201,0.016703293088490067
728,433,0.531679,8080240.0,242034097.0,455225985.9802625,0.033384717691243314,0.018036999011291525
729,445,2.2036915e-05,2778953.0,236041817.0,10711200592278.91,0.011773138485881084,0.0710234702991436
730,266,0.044697410123,7788330.0,234727576.0,5251480462.829231,0.03318029407844266,0.07076957915187382
731,474,2.65,32498566.0,232020727.0,87554991.32075472,0.14006751215808405,0.05020292156173118
732,170,0.490287,2789713.0,230355668.0,469838417.0903981,0.012110459552486462,0.014106735979665885
733,4,4.64,30688251.0,230330587.0,49640212.715517245,0.13323567399235603,0.08203860879691545
734,127,0.002405588079,15366549.0,230289059.0,95730878037.8272,0.06672722128757319,0.03278719262151001
735,352,2.52,20578926.0,229551472.0,91091853.96825397,0.08964841663049758,0.008717797887081347
736,163,0.333007,18218920.0,229348461.0,688719639.527097,0.07943772511296686,0.042253205006642196
737,147,3.31,724098.0,228752259.0,69109443.80664653,0.003165424477840894,0.01616580753730952
738,151,1.11,14717552.0,228389194.0,205756030.6306306,0.0644406670133439,0.0030000000000000005
739,97,0.06114066275,525677.0,227207627.0,3716145962.124037,0.0023136415222540043,0.028583211855912904
740,34,1.81,8759702.0,227045274.0,125439377.90055248,0.03858130074973505,0.07386699759251986
741,92,0.399507,58264434.0,226830657.0,567776426.9462112,0.2568631364498495,0.026312227829154513
742,90,17.790167875,9082334.0,225459171.0,12673245.839171149,0.04028371948551163,0.048757905341937455
743,504,4.02,255785.0,225344906.0,56055946.76616916,0.0011350822370042835,0.024193663082165348
744,108,0.003236528133,16517737.0,223198961.0,68962465898.02159,0.07400454252114552,0.05853488988059458
745,392,0.057335510854,8733449.0,222865089.0,3887034155.2813053,0.03918715595693859,0.05230678732248808
746,412,0.858613,3788138.0,222068806.0,258636668.6737797,0.01705839765716577,0.052678268764263694
747,328,0.511559,31170583.0,219951909.0,429963912.27600336,0.14171544653426946,0.02797022226106424
748,33,0.107755,8916820.0,218062741.0,2023690232.471811,0.04089107547263198,0.022722969289539017
749,262,0.040421543227,4569259.0,217275804.0,5375247619.31574,0.021029764547551736,0.010263202878893726
750,83,0.03831685277,29766536.0,216429137.0,5648405893.331933,0.13753479042888758,0.03744774136491189
751,77,0.204755,12162479.0,215079506.0,1050423706.3807966,0.05654875829964014,0.02455605831561735
752,456,8.9,20305571.0,212825987.0,23913032.247191012,0.09540926503491325,0.06331666447310691
753,135,17.790167875,3078417.0,211922629.0,11912345.655703936,0.01452613632874477,0.02020725942163696
754,143,5.03,1278646.0,211101992.0,41968586.87872763,0.006057005847675753,0.022546248764114474
755,310,0.857492,14908002.0,210041737.0,244948917.30768332,0.07097637932788568,0.06199999999999999
756,300,0.072277990941,5313234.0,209383845.0,2896923977.4652634,0.02537556801481031,0.004725815626252608
757,15,0.998794,142769.0,208931720.0,209183995.89905426,0.0006833285055998199,0.0005773502691896258
758,472,0.016424293565,4920583.0,204717393.0,12464304305.681107,0.024035979199871892,0.03329164059239696
759,74,1.28,7605916.0,204133364.0,159479190.625,0.037259543716724325,0.07552703710151301
760,296,0.465948,13125747.0,202260490.0,434083824.80448467,0.06489525957343424,0.007023769168568393
761,442,1.34,1513662.0,201738743.0,150551300.74626866,0.007503080357747644,0.07717512552629888
762,261,0.231902,10470382.0,200934743.0,866464036.5326732,0.0521083703279726,0.02271563338320109
763,237,13.11,2438281.0,199459617.0,15214310.983981693,0.01222443438262493,0.03121431295629188
764,260,4.21,72687776.0,198784023.0,47217107.60095012,0.36566206329368833,0.027790885796126277
765,112,2.19,2620710.0,198134048.0,90472168.03652968,0.01322695430923614,0.03233161507461904
766,303,0.41561,97440846.0,197701631.0,475690264.9118164,0.4928681949012348,0.10614298532325778
767,437,7.566144e-06,5528279.0,194844243.0,25752119309386.656,0.028372811610348683,0.035809682117177846
768,29,0.194427,5019344.0,194331101.0,999506760.8922629,0.02582882500109954,0.026664583251946764
769,333,0.745885,4093358.0,192900544.0,258619685.34023342,0.021220043837719815,0.030859898466024372
770,94,0.28617,61814649.0,192055742.0,671124653.1781808,0.321857854164027,0.034588051886935374
771,171,17.790167875,3169278.0,190389663.0,10701959.888054175,0.016646271389219276,0.04508140784551139
772,210,17.790167875,8343005.0,189800862.0,10668862.898518318,0.04395662333714796,0.008311638426527788
773,234,3.03,82195466.0,187322633.0,61822651.155115515,0.43879089613266326,0.023544284515213735
774,251,1.87,374184.0,186909022.0,99951348.6631016,0.0020019579365195116,0.005567764362830022
775,98,0.613238,36444.53,185482862.0,302464723.3211249,0.00019648462185147865,0.016522711641858305
776,100,0.118894,5488882.0,185392410.0,1559308375.527781,0.029606832340115758,0.039526362510776694
777,475,1.4,1673418.0,183581718.0,131129798.57142858,0.009115384790112924,0.07813023315806322
778,464,17.790167875,1142909.0,181461291.0,10200088.73862299,0.006298362552705525,0.03899145205469185
779,269,0.814028,9464173.0,181018689.0,222374032.58855963,0.052282850197859956,0.0020816659994661326
780,471,0.737151,2206838.0,180464893.0,244814010.96925867,0.012228627758641123,0.0015275252316519468
781,131,0.064853595251,202892.0,180441034.0,2782282667.624625,0.001124422729699055,0.022120880030716075
782,215,0.982235,47914853.0,180295364.0,183556240.61451688,0.2657575432721609,0.06331666447310692
783,344,4.33,7819981.0,178613189.0,41250159.12240185,0.04378165489223755,0.03306055050963308
784,400,0.612438,13815815.0,176123468.0,287577629.082454,0.07844391867187171,0.039310727967481515
785,334,0.000739037314,3233.81,175021533.0,236823675455.17462,1.8476640814247695e-05,0.07123435500749148
786,28,4.6,20342438.0,174947342.0,38032030.86956522,0.11627749108643216,0.018876793513023706
787,358,0.013289915359,62606911.0,174938398.0,13163243954.110725,0.35787975490663865,0.0268514431641951
788,275,17.790167875,19258945.0,174781398.0,9824606.447115947,0.11018875704381309,0.06053373714990119
789,48,8.47,182389.0,171754643.0,20277997.992916174,0.001061915979761898,0.044162578427140504
790,146,3.26,1480738.0,170208459.0,52211183.74233129,0.008699555878124718,0.0052915026221291815
791,350,15.15,109283.0,170001175.0,11221199.669966996,0.0006428367333343432,0.04233202097703345
792,357,0.219206,11689099.0,169969973.0,775389236.608487,0.06877155296129864,0.05269092268439919
793,81,0.321965,17202782.0,167831024.0,521271020.1419409,0.10250060799247701,0.018248287590894658
794,37,7.35,1298850.0,167615843.0,22804876.59863946,0.007748969171130202,0.07051477386571792
795,453,17.790167875,61535.04,167034953.0,9389172.388571402,0.00036839618831155656,0.091876729008674
796,327,0.000580255891,121835.0,165663549.0,285500848107.71875,0.0007354363753247856,0.04570557952810576
797,250,1.2,46298812.0,165134827.0,137612355.83333334,0.28036976112858375,0.07821338333899976
798,500,17.790167875,2583416.0,165066520.0,9278525.147138331,0.015650757040252622,0.017785762095938743
799,291,17.790167875,3832085.0,164787989.0,9262868.690046016,0.0232546378122255,0.018734993995195192
800,16,0.040004817834,6824925.0,164599197.0,4114484352.4348593,0.041463902159862905,0.02532455988429677
801,157,3.893e-09,270143.0,163269693.0,4.193929951194452e+16,0.0016545814170177927,0.025324559884296775
802,497,0.006161036427,1159883.0,162967567.0,26451323398.416256,0.00711726278640461,0.06690291473471092
803,276,8.85,841002.0,162445121.0,18355380.903954804,0.005177145332668994,0.08296384754819401
804,62,0.149851,1897563.0,159291451.0,1062998918.9261332,0.011912522537069488,0.016643316977093238
805,213,17.790167875,417792.0,157510201.0,8853778.227767285,0.002652475822819882,0.09417536832951598
806,465,0.668572,1060965.0,156579542.0,234199969.48720554,0.006775885191949277,0.040360872141221076
807,326,17.790167875,701074.0,156426727.0,8792875.261161637,0.004481804442536217,0.010816653826391966
808,257,0.150121,491181.0,156098438.0,1039817467.2430905,0.0031466106022149947,0.016041612554021287
809,32,0.209002,1996023.0,155507488.0,744047846.4320916,0.01283554268460693,0.02627419519858474
810,354,0.008484927042,15128863.0,154953141.0,18262165394.350365,0.09763508440270985,0.01479864858694874
811,395,1.06,22799371.0,153045067.0,144382138.67924526,0.14897161631482053,0.0370989667421255
812,156,3.712e-09,596220.0,152507971.0,4.1085121497844824e+16,0.003909435002580947,0.008888194417315589
813,426,3.63,3175683.0,152418252.0,41988499.17355372,0.02083531964400169,0.034828149534535995
814,46,17.790167875,8343005.0,151006279.0,8488187.41121632,0.05524939131835703,0.008311638426527788
815,13,1.14,1488453.0,150977820.0,132436684.21052633,0.009858752762491868,0.017776388834631177
816,302,0.996761,384674.0,150877504.0,151367784.2531961,0.002549578232683383,0.004
817,452,0.009119355152,3989138.0,150565690.0,16510563246.018429,0.02649433612664346,0.07880989785553584
818,448,0.003276533427,5281032.0,149610423.0,45661192334.29691,0.0352985567055044,0.011503622617824932
819,264,2.12,9053682.0,149412537.0,70477611.79245283,0.0605951962384522,0.01803699901129158
820,440,0.972184,633490.0,148673012.0,152926824.55173093,0.004260961633036667,0.0020816659994660927
821,55,3.57,14710862.0,148621625.0,41630707.28291317,0.0989819752004461,0.02260530911091463
822,481,0.320715,6682894.0,148069098.0,461684355.26869655,0.04513361727914355,0.024006943440041083
823,61,1.29,30433864.0,147807938.0,114579796.8992248,0.2059014178250697,0.00916515138991168
824,304,0.403433,1641938.0,147741339.0,366210347.1951972,0.011113599017807738,0.05314445722117531
825,58,0.09810351345,270960.0,147183281.0,1500285523.1582942,0.001840969967234254,0.09733618717277409
826,301,0.245431,16831078.0,145268599.0,591891810.7329555,0.11586177684552461,0.03013856886670854
827,390,1.4478205e-05,6019692.0,144516643.0,9981668514846.97,0.04165397060876926,0.014730919862656237
828,172,3.77,166864.0,144310185.0,38278563.66047745,0.0011562870631757558,0.030664855018951796
829,228,1.484e-09,5930373.0,143713655.0,9.684208557951482e+16,0.04126520197402258,0.05685361319505853
830,59,0.390171,16200954.0,140529092.0,360173083.0840837,0.1152854100843404,0.052624455658309
831,30,0.855048,2191914.0,139681382.0,163360866.29054743,0.01569224164749458,0.040632499307820084
832,434,0.214734,14102206.0,137832596.0,641875976.7898889,0.10231401286238562,0.05460158727851531
833,363,1.11,5583658.0,137830475.0,124171599.09909908,0.04051105533808833,0.003055050463303893
834,9,1.08,8839438.0,137419617.0,127240386.1111111,0.06432442611159365,0.02884441020371193
835,224,17.790167875,19120535.0,135737507.0,7629917.151639019,0.14086405019947804,0.0202072594216369
836,253,2.66,4586490.0,135701244.0,51015505.26315789,0.03379843739678613,0.027790885796126277
837,198,0.304276,71104.14,133744124.0,439548712.35325825,0.0005316430948398152,0.03726929030716845
838,387,0.170244,911737.0,133654459.0,785075885.2000657,0.006821598073282389,0.026102362600602523
839,255,0.295224,7810.13,133599281.0,452535298.62070835,5.8459371499162484e-05,0.03925981830489455
840,495,1.0,312664.0,132659636.0,132659636.0,0.0023568887223541003,0.0036055512754639895
841,330,8.05,889637.0,132399958.0,16447199.751552794,0.006719314820326454,0.021633307652783935
842,214,1.1,57945.42,132176489.0,120160444.54545453,0.00043839430475415333,0.00818535277187245
843,336,2.61,16725771.0,131117652.0,50236648.27586207,0.12756307594647898,0.015143755588800696
844,60,2.984e-09,176270.0,130736810.0,4.3812603887399464e+16,0.0013482813294893763,0.08419817891934071
845,455,0.154224,10041552.0,130077410.0,843431696.7527752,0.07719674000274145,0.06053373714990124
846,323,1.47,34461134.0,129790575.0,88292908.1632653,0.2655133779937411,0.10042576030746951
847,116,0.32285,10733697.0,129772453.0,401958968.56125134,0.0827116753352886,0.05407710544521902
848,496,1.81,4304190.0,129744853.0,71682239.22651933,0.03317426395326834,0.0055075705472861025
849,342,13.61,3122953.0,129381545.0,9506358.927259369,0.02413754604646281,0.03784617990409777
850,409,7.98,2414143.0,129360305.0,16210564.536340851,0.018662162245211156,0.07562407024221844
851,265,0.076139640664,9899795.0,128563501.0,1688522560.374872,0.07700315348444034,0.00808290376865476
852,396,0.013797399421,1844462.0,128358108.0,9303065315.673592,0.014369657115855899,0.054857390872455246
853,397,0.94622,14410182.0,128080393.0,135360056.8578132,0.11250888338545308,0.027184554438136374
854,365,0.087992796441,7298290.0,127931734.0,1453888717.876803,0.05704831609645813,0.03218695387886216
855,393,0.322052,4267199.0,127246640.0,395112093.69915414,0.033534865832213726,0.01550268793897798
856,113,0.027101682754,5123322.0,126235341.0,4657841439.065943,0.04058548073316489,0.08386497083606069
857,263,17.790167875,8589756.0,126105039.0,7088468.185688775,0.06811588234788936,0.07665724579798913
858,343,0.151385,206651.0,125639850.0,829935924.9595402,0.0016447886558285448,0.04314317249963584
859,119,1.72,4063485.0,125035795.0,72695229.65116279,0.03249857370843285,0.006557438524301947
860,20,0.280024,5728562.0,125007857.0,446418367.71133906,0.04582561558510678,0.0037859388972001826
861,281,0.191882,5872145.0,124824929.0,650529643.2182279,0.047043046986231414,0.009539392014169404
862,122,0.322954,1307545.0,124818085.0,386488741.4306681,0.01047560535798959,0.035791060336346554
863,52,11.52,8895097.0,124477702.0,10805356.07638889,0.07145936064918679,0.02386070689089771
864,398,17.790167875,70589902.0,124043364.0,6972579.734579935,0.5690743924036114,0.02835489375751565
865,18,0.099181828389,53533075.0,123122031.0,1241376903.409205,0.4347968805030515,0.023586719427112605
866,128,10.93,568520.0,122930832.0,11247102.653247941,0.00462471448985231,0.09357884376289315
867,399,0.011601809279,20031921.0,122048839.0,10519810838.54878,0.16413036915492493,0.01501110699893027
868,429,17.790167875,15057752.0,122042187.0,6860091.925917253,0.12338153199434225,0.11522297224656766
869,173,1.62,11044304.0,122034911.0,75330191.97530864,0.09050118453398963,0.022030282189144407
870,26,17.790167875,103476.0,120703323.0,6784833.27690352,0.0008572754869391624,0.03143246729100342
871,388,13.41,3033122.0,120688730.0,8999905.294556301,0.025131774938720458,0.05106858133921482
872,258,17.790167875,6013862.0,120557876.0,6776657.581147192,0.04988360942921722,0.08586035173466265
873,227,0.125334,60450.88,119964465.0,957158193.3074824,0.0005039065526612402,0.059785728508845094
874,44,17.790167875,1138158.0,119637582.0,6724927.096844497,0.009513381840164573,0.04375309512861158
875,502,17.790167875,958190.0,119015862.0,6689979.703184784,0.008050943663290865,0.015695009822658056
876,8,1.94,28955029.0,117650490.0,60644582.4742268,0.2461105686852643,0.0043588989435406735
877,160,0.011072744983,840985.0,117522843.0,10613704477.113216,0.007155927975636192,0.012662279942148368
878,482,1.11,2130541.0,115865259.0,104383116.2162162,0.018388091636682917,0.004163331998932265
879,14,17.790167875,6978992.0,114928689.0,6460236.339956404,0.0607245419809844,0.09029027263960018
880,193,1.39,8832185.0,114432549.0,82325574.8201439,0.0771824544430973,0.03179622619116929
881,57,17.790167875,1404924.0,114334270.0,6426823.558009848,0.012287864347233774,0.05416948710605753
882,21,10.0,97440846.0,114038968.0,11403896.8,0.8544521904126666,0.07614022152143585
883,115,0.395012,24729655.0,113721778.0,287894489.28133833,0.21745751284331838,0.021633307652783935
884,186,0.491681,5298234.0,112171936.0,228139659.65737948,0.047233151079785235,0.03906831623366088
885,425,1.12,24457.53,111774842.0,99798966.07142857,0.00021881068729222628,0.015275252316519466
886,317,0.046419884436,2598864.0,111691885.0,2406121565.295833,0.023268154172525604,0.03594903800289145
887,315,1.07,2935493.0,111502505.0,104207948.59813084,0.026326700014497433,0.05987765303795175
888,431,17.790167875,7275467.0,111302578.0,6256409.651783569,0.06536656320754763,0.02230097157823697
889,230,0.020930640049,3409196.0,110824223.0,5294832013.763231,0.030762191763798786,0.012767145334803704
890,218,0.023128577628,97440846.0,110553343.0,4779945605.741077,0.8813921257903526,0.08556479026640176
891,47,15.08,3149394.0,109935865.0,7290176.724137931,0.028647557373565034,0.05198397188877865
892,220,0.032601817619,2890097.0,109334845.0,3353642618.2655773,0.02643344854972813,0.031
893,277,6.27,97440846.0,109282154.0,17429370.653907496,0.8916446321144073,0.024879710609249456
894,332,0.011066116011,8687937.0,109182891.0,9866414819.026787,0.07957232969769962,0.0608276253029822
895,444,0.237003,8201156.0,109107417.0,460363020.72125673,0.07516588904308862,0.03442867022313428
896,222,1.82,1981564.0,109049036.0,59917052.74725275,0.01817131148229499,0.010066445913694334
897,355,0.873466,185688.0,107921529.0,123555500.72927853,0.001720583480613956,0.027319101986217145
898,51,0.559948,15467623.0,107743877.0,192417647.71014452,0.14355918341419996,0.018502252115170557
899,199,9.26,884096.0,107523003.0,11611555.399568034,0.008222389398852635,0.026633312473917526
900,450,8.86,15729939.0,106857130.0,12060624.153498871,0.14720532920919738,0.025942243542145693
901,78,3.21,244162.0,106817045.0,33276338.00623053,0.002285796241601703,0.05310681061157156
902,335,0.054820562279,255036.0,106639197.0,1945240846.988723,0.0023915783987008077,0.06295236294214857
903,339,0.016027563853,2308543.0,106547838.0,6647787460.229438,0.02166672776598245,0.03000555504124746
904,305,3.06,9655123.0,104853664.0,34265903.267973855,0.09208188471124862,0.04082074635933711
905,373,4.37,3082745.0,104617801.0,23940000.228832953,0.029466734824602173,0.09469424480928064
906,430,1.19,2030435.0,104551092.0,87858060.50420168,0.01942050495273641,0.022869193252058467
907,141,0.166502,5645716.0,104379795.0,626898145.3676232,0.05408820739684342,0.020952326839756907
908,348,1.81,471794.0,104202720.0,57570563.5359116,0.004527655324160444,0.09761659694949405
909,123,0.338029,147662.0,104005183.0,307681243.3252768,0.0014197561673440831,0.022516660498395406
910,189,6.17,68193.73,103279211.0,16738932.090761751,0.000660285156516155,0.007
911,2,0.214561,5493212.0,103148149.0,480740437.45135415,0.05325555575408338,0.04781561809004808
912,200,17.790167875,662181.0,100868057.0,5669876.625602107,0.006564823589295469,0.05632347053700911
913,501,17.790167875,3277906.0,100163119.0,5630251.47956902,0.03272567820097535,0.017578395831246943
914,69,0.52929,13758923.0,99286361.0,187584048.4422528,0.13857817792314897,0.03704051835490418
915,267,1.52,10399052.0,98146821.0,64570276.97368421,0.10595403798152565,0.026388128644019706
916,136,17.790167875,1970405.0,97862985.0,5500959.051517663,0.020134323513634905,0.05299371031861548
917,463,1.17,4126450.0,97738316.0,83537022.22222222,0.042219368706946,0.08927112261718964
918,484,0.013887822764,8343005.0,96581377.0,6954392970.103143,0.08638316473785625,0.008311638426527788
919,467,0.481036,1727756.0,95950030.0,199465383.04825416,0.01800683126414864,0.021361959960016153
920,76,13.12,1640514.0,94608029.0,7210977.820121951,0.01734011391358761,0.0011547005383792516
921,36,13.56,5896456.0,94396497.0,6961393.584070796,0.06246477557318679,0.02722131517763234
922,503,0.997496,9442897.0,94221877.0,94458400.83569257,0.10021979290435915,0.0035118845842842463
923,140,0.005214209583,189537.0,93414016.0,17915278339.512806,0.0020289995882416616,0.03899145205469185
924,225,17.790167875,652966.0,93199097.0,5238798.062775447,0.007006140842759453,0.08872992730753249
925,137,0.380746,2438408.0,92462684.0,242846107.37867242,0.026371806381912947,0.09761830429449865
926,487,0.186789,818771.0,91378796.0,489208657.8974136,0.008960185905710554,0.009073771725877467
927,460,0.472639,5680953.0,91293951.0,193157887.94407573,0.062227047222438645,0.0015275252316519468
928,202,0.142172,11854190.0,90697310.0,637940733.7591087,0.13070056873792618,0.03247049943153529
929,451,0.020213148673,55707710.0,90445041.0,4474564673.875538,0.615928848990184,0.06187891401761993
930,287,17.790167875,208377.0,90375202.0,5080064.597198186,0.0023056877925429144,0.08674675786448728
931,154,0.008982625251,2844319.0,90044377.0,10024282933.319046,0.03158796911882682,0.0005773502691896258
932,182,0.821299,97440846.0,89930148.0,109497452.20680897,1.0835170203433893,0.03855299383100272
933,383,6.89,379297.0,89700384.0,13018923.657474602,0.004228488029661055,0.07152854907890502
934,483,0.062809109348,43.49,88971844.0,1416543633.9344156,4.888063239422126e-07,0.07031358332498765
935,19,0.229837,380133.0,88953339.0,387027932.83936006,0.004273397764191854,0.028988503468329187
936,480,0.303949,580730.0,88904956.0,292499583.81175786,0.0065320318025915225,0.09551963149007635
937,23,1.07,1359111.0,88008725.0,82251144.85981308,0.015442912052185735,0.07813023315806329
938,75,1.65,7357829.0,87734475.0,53172409.09090909,0.08386474074188055,0.056204981985585586
939,41,3.92,1323970.0,86912829.0,22171640.05102041,0.015233309227570995,0.029280255007997
940,11,1.11,56512453.0,85908280.0,77394846.84684683,0.6578231225209025,0.05291502622129181
941,10,3.55,1188991.0,85408124.0,24058626.47887324,0.013921286925819844,0.08166394553289714
942,39,0.368096,3784037.0,83651315.0,227254072.3072242,0.04523583400930398,0.00404145188432738
943,174,17.790167875,138508.0,83519135.0,4694679.419937738,0.001658398401755478,0.05242136968832462
944,107,0.957634,2393019.0,83266240.0,86949962.09407769,0.028739366638868287,0.020223748416156685
945,87,1.17,4539353.0,82895723.0,70851045.2991453,0.05475979743852406,0.003785938897200182
946,85,1.0,2890566.0,82678314.0,82678314.0,0.034961598273520675,0.0032145502536643183
947,331,1.43,1092863.0,82507865.0,57697807.692307696,0.013245561498894682,0.10896941466913243
948,403,1.26,1150674.0,81979222.0,65062874.603174604,0.014036166383720987,0.03442867022313424
949,95,0.313737,10080749.0,81842102.0,260862129.74561498,0.12317314381783596,0.021779194965226085
950,106,0.319453,1930543.0,81675970.0,255674449.7625629,0.023636609396864218,0.07046512139586034
951,491,17.790167875,150984.0,80595619.0,4530346.175836747,0.0018733524461174496,0.0876432161284221
952,64,0.355954,4931153.0,80314265.0,225631022.5478573,0.06139822110057286,0.03354598833442427
953,178,5.65,7848894.0,80282760.0,14209338.053097345,0.09776562240760034,0.059281812837777934
954,114,17.790167875,11327787.0,80185006.0,4507265.280654357,0.1412706385530482,0.00814452781524702
955,353,17.790167875,2195840.0,80079688.0,4501345.269064809,0.02742068625442197,0.12366217422208499
956,369,0.740146,8669227.0,80075567.0,108188880.30199447,0.1082630735540093,0.015502687938977978
957,319,4.14,5248814.0,79450747.0,19191001.690821256,0.06606374638617306,0.08292365967161189
958,43,0.050743317046,8530801.0,79411049.0,1564955813.3539443,0.10742586966707869,0.036660605559646724
959,12,0.218479,7272167.0,79214487.0,362572544.72969943,0.09180349801419531,0.07720319509795778
960,145,17.790167875,5114354.0,78897484.0,4434892.6077798465,0.0648227768581315,0.01588500340992514
961,284,0.018468001417,26173.31,77747624.0,4209855860.658125,0.0003366444999013732,0.05036202272877186
962,347,3.04,1057135.0,77616933.0,25531885.85526316,0.01361990172943319,0.0005773502691896258
963,38,8.09,1438567.0,76843664.0,9498598.763906058,0.0187206976491907,0.004509249752822893
964,341,0.034953545858,334964.0,75194885.0,2151280596.9809713,0.0044546115071523815,0.02577466456296441
965,7,1.47,11843.62,75160944.0,51129893.87755102,0.00015757678615638463,0.04257933771208754
966,498,0.999305,100066.0,74706759.0,74758716.30783394,0.001339450423756169,0.0
967,121,17.790167875,264648.0,74590066.0,4192769.091562043,0.0035480327903182176,0.01457166199626293
968,73,0.110513,151228.0,74560549.0,674676725.8150625,0.0020282575977277205,0.04665118790913398
969,318,0.682181,195574.0,74286948.0,108896243.07918279,0.002632683200284389,0.07765522090196719
970,375,0.272417,671439.0,74091492.0,271978224.5601412,0.00906229557369421,0.017039170558842687
971,184,0.155984,171651.0,74049207.0,474723093.39419425,0.00231806668773644,0.08979049689879941
972,309,0.05519710958,72443.45,74047013.0,1341501639.5501628,0.0009783439880282545,0.10179063480170121
973,329,0.186584,706220.0,74002744.0,396618916.94893456,0.009543159642837027,0.031134118476894977
974,380,0.082793325047,1211638.0,73431209.0,886921849.7785258,0.016500313919657783,0.042723919920032306
975,370,1.0,8343005.0,72643253.0,72643253.0,0.114849000498367,0.008311638426527788
976,379,0.092998915614,2618246.0,72370847.0,778190224.2858554,0.036178186500981535,0.028827070610799147
977,50,7.24,3893756.0,72193740.0,9971511.049723757,0.05393481484682744,0.038223029707232785
978,208,17.790167875,1140003.0,72083620.0,4051879.6959356964,0.015815007625865626,0.03338163167571848
979,307,0.355128,628756.0,71658098.0,201781042.3283999,0.008774388625274425,0.043924177093411024
980,190,0.007610380739,13457578.0,71444464.0,9387764745.31388,0.18836418172302336,0.032715949219506546
981,446,0.014688496373,3416278.0,71296654.0,4853910991.941667,0.04791638609015228,0.10012658654589852
982,249,0.944908,1481120.0,70633226.0,74751431.88543223,0.020969168249514752,0.058398059328485734
983,468,17.790167875,1579870.0,70593491.0,3968118.316590084,0.022379825358119772,0.016623276853055577
984,385,3.32,732020.0,70581427.0,21259465.963855423,0.010371283652284333,0.08192883090422634
985,286,1.71,2603788.0,70480323.0,41216563.15789474,0.03694347428004835,0.061043700193659026
986,132,0.033661853536,2401530.0,70448413.0,2092826318.2138278,0.034089199425968615,0.01569500982265807
987,376,0.007367750574,261673.0,69453171.0,9426645256.57163,0.0037676177521109872,0.1006429331846005
988,413,0.641015,857448.0,69369413.0,108218080.70013963,0.012360606251634276,0.026350205565295565
989,490,17.790167875,42667.58,68840419.0,3869576.6944807423,0.0006198041880018191,0.016643316977093238
990,181,1.58,4047040.0,68575496.0,43402212.658227846,0.05901583271085637,0.015099668870541498
991,88,1.64,523787.0,68530128.0,41786663.414634146,0.007643163894280191,0.024062418831031933
992,246,0.082172200347,2657217.0,68416663.0,832601082.9828997,0.03883874020573029,0.043500957843860565
993,432,1.32,3591714.0,68291858.0,51736256.060606055,0.05259359029300389,0.007234178138070235
994,53,15.33,541918.0,68212793.0,4449627.723418134,0.007944521491738361,0.10600628912160502
995,205,0.055425599401,2976839.0,68090240.0,1228498035.8511288,0.043719026397909595,0.05538050198400155
996,93,0.037961003776,366787.0,67826274.0,1786735524.7039504,0.005407742138393155,0.029143323992525855
997,5,0.069003373522,13633759.0,67762845.0,982022204.7317079,0.20119814922174534,0.024006943440041117
998,401,0.464613,9398219.0,67388220.0,145041615.27981353,0.13946382617021194,0.01153256259467078
999,454,0.999387,20275.07,67318962.0,67360253.83560123,0.00030117918336292825,0.10160216533125659
